泸沽湖,5768
丽江古城,10468
丽江千古情景区,700
玉龙雪山,5434
束河古镇,6620
洱海,6719
双廊,4215
崇圣寺三塔,2626
海舌生态公园,1301
沙溪古镇,613
翠湖公园,3202
滇池,3156
云南大学,2200
石林风景区,2672
东川红土地景区,501
普达措国家公园,3352
噶丹·松赞林寺,2039
纳帕海,1597
独克宗古城,1882
石卡雪山,422
中国科学院西双版纳热带植物园,748
曼听公园,846
西双版纳野象谷,874
西双版纳原始森林公园,774
望天树景区,467
和顺古镇,1076
腾冲热海,735
腾冲火山地热国家地质公园,559
银杏村,339
腾冲北海湿地,359
泸沽湖,5768
蒗放,29
洛克岛(嬉娃俄岛/湖心岛),71
杨二车娜姆博物馆,184
扎美寺,37
普达措国家公园,3352
噶丹·松赞林寺,2039
纳帕海,1597
独克宗古城,1882
梅里雪山,1044
曼听公园,846
西双版纳野象谷,874
西双版纳原始森林公园,774
西双版纳傣族园,725
勐泐大佛寺,341
元阳梯田,446
箐口民俗村,133
爱春,71
新街镇(老县城),79
爱春蓝梯田,29
金鸡峰丛,431
九龙瀑布群,334
罗平螺丝田,292
多依河,138
罗平坝子,67
一寨两国,197
姐告口岸,209
扎朵热带雨林风景区,134
芒令独树成林,132
畹町桥,127
梅里雪山,1044
雨崩村,802
雨崩神瀑,530
飞来寺,570
白马雪山,237
朱家花园,236
建水文庙,171
建水十七孔桥(双龙桥),169
建水团山村,157
建水朝阳楼,188
元阳梯田,446
朱家花园,236
建水古城,340
建水文庙,171
建水十七孔桥(双龙桥),169
东川红土地景区,501
小江泥石流,11
乐谱凹,1
石林风景区,2672
乃古石林,89
中国石林喀斯特地质博物馆,15
长湖风景区,10
大叠水瀑布,11
抚仙湖,702
茶马古道,397
哀牢山国家级自然保护区,37
孤山岛,36
红塔山,66
怒江大峡谷,124
丙中洛,101
怒江第一湾,150
雾里村,76
秋那桶村,61
和顺古镇,1076
腾冲热海,735
腾冲火山地热国家地质公园,559
银杏村,339
腾冲北海湿地,359
元谋土林,121
浪巴铺土林,56
彝人古镇,126
物茂土林,60
黑井古镇,88
和顺图书馆,171
滇缅抗战博物馆,177
寸氏宗祠,99
艾思奇纪念馆,73
和顺龙潭,37
云南红酒庄,44
湖泉公园,16
可邑,12
弥勒寺,16
锦屏山风景区,18
金鸡峰丛,431
九龙瀑布群,334
罗平螺丝田,292
多依河,138
念湖,37
禄充风景区,205
月亮湾湿地公园,45
樱花谷,64
抚仙湖公园,16
新河口湖滨公园,11
丽江千古情景区,700
玉龙雪山,5434
拉市海湿地公园,3266
虎跳峡,3182
丽江虎跳峡景区(中虎跳峡),969
大山包黑颈鹤自然保护区,140
鸡公山大峡谷,67
西部大峡谷,34
黄连河风景区,21
豆沙关古镇景区,34
普者黑村,471
坝美村,184
广南坝美风景区,118
丘北县,17
三腊瀑布,19
一寨两国,197
勐焕大金塔,123
姐告口岸,209
扎朵热带雨林风景区,134
芒令独树成林,132
碧色寨寸轨车站,60
碧色寨村,45
南湖公园,41
南湖风景区,8
蒙自老街,6
普者黑湖,246
青龙山,191
仙人洞,128
天鹅湖,76
摆龙湖景区(红旗水库),51
元谋土林,121
浪巴铺土林,56
物茂土林,60
元谋猿人博物馆,26
元谋猿人遗址,4
翁丁原始部落,55
沧源崖画,33
广允缅寺,14
鲁史镇,10
千米国画长廊,11
中国科学院西双版纳热带植物园,748
望天树景区,467
勐远仙境,55
澜沧江,102
磨憨,58
沙溪古镇,613
沙溪寺登街,98
老君山,32
四方街戏台,106
大理喜洲严家民居,58
念湖,37
大海草山,49
会泽古镇,10
娜姑古镇,16
会泽公园,9
巍宝山景区,29
民俗博物馆,12
拱辰楼,22
上关花公园,25
蒙阳公园,14
石宝山,53
鹤庆草海,14
新华村,13
黄龙潭,13
银都水乡,35
河口南溪河漂流,13
花鱼洞国家森林公园,3
昆明轿子雪山风景区,126
丙察察,15
轿子山,8
丽江花海草原骝马场,12
云南昆明石林,2
北回归线标志园,76
碧溪古镇,43
墨江文庙,8
庾恩旸故居,9
太阳广场,8
坝美村,184
广南坝美风景区,118
三腊瀑布,19
广南八宝风景区,6
八宝,9
九乡风景区,610
阳宗海风景名胜区,26
九乡,1
岩泉风景区,7
尼龙村,5
鸡足山,164
金顶寺,15
沙甸大清真寺,21
加级寨梨花谷,4
个碧石铁路公司旧址,7
宝华公园,6
清水河热带雨林度假区,1
茈碧湖,33
大理西湖,55
云南大理地热国,32
洱源西湖景区,14
鸡鸣寺,3
泸西阿庐古洞,44
城子古村,52
城子村,5
翁丁原始部落,55
沧源崖画,33
广允缅寺,14
千米国画长廊,11
沧源司岗里景区,13
无量山樱花谷,36
南涧土林,4
圆觉寺,6
无量山镇,3
玉皇阁,4
勐景来景区,67
打洛独树成林风景区,99
南糯山,36
西双版纳茶马古道,23
章朗村,13
云南民族大观园,185
七彩云南孔雀园,57
海东湿地公园,25
捞鱼河湿地公园,10
呈贡·滇池生态湿地公园,15
茶马古道,397
哀牢山国家级自然保护区,37
石门峡,25
戛洒镇,18
磨盘山国家森林公园,15
龙摩爷圣地,16
西盟龙潭（勐梭龙潭）,27
博航佤族生态村,2
丙中洛,101
怒江第一湾,150
雾里村,76
秋那桶村,61
桃花岛,44
开远市南洞风景区,7
诺邓古镇,202
玉皇阁,22
太极图,38
云龙县,18
宝丰古镇,6
黑井古镇,88
禄丰恐龙谷,46
飞来寺,24
云南禄丰恐龙国家地质公园,8
黑井文庙,9
大盈江,7
允燕塔,4
盈湖公园,1
普洱国家公园犀牛坪景区,33
梅子湖公园,50
中华普洱茶博览苑,29
莱阳河国家森林公园,12
娜允古镇,11
香格里拉滇金丝猴国家公园,32
达摩祖师洞,4
哈达,1
来远寺,2
同乐村,2
彩色沙林,53
陆良彩色沙林,2
终南山湖,3
雌雄飞瀑,1
秀山公园,31
三圣宫,4
通海文庙,4
纳家营清真寺,3
河西镇,1
异龙湖风景名胜区,5
异龙湖万亩荷花园,7
石屏文庙及玉屏书院,7
松山抗战遗址,13
惠通桥,7
龙陵县抗战纪念广场,3
黑河老坡,4
云南驿古镇,13
茶马古道景点,9
祥云水目山,4
梨园村,6
云南驿,1
晋城古镇,12
东大河湿地公园,3
七彩云南古滇名城,2
七彩云南古滇温泉山庄,1
宝泉寺,6
锦绣园/七彩坡,81
石板河风景区,13
寻甸北大营草原,8
凤龙湾景区薰衣草庄园,5
轎子山,1
马鞍底拉登瀑布群,2
个旧绿水河旅游度假区,4
南甸宣抚司署,9
凤凰谷,12
菌子山景区,5
怒江大峡谷,124
老姆登教堂,33
怒江大桥,33
六库向阳桥,19
那恰洛峡谷,16
象鼻温泉,4
象鼻山温泉森林公园,5
海峰湿地,37
珠江源风景区,21
海峰湿地自然保护区,6
天坑自然保护区,3
天生洞公园,2
高香万亩生态茶文化园(云茶山庄),1
知子罗,30
石月亮,48
碧罗雪山,15
飞来石,13
石月亮观景台,10
抚仙湖,702
孤山岛,36
明星风景区(阳光海岸),12
星云湖,12
抚仙湖孤山风景区,9
麻栗坡老山,17
老山风景名胜区,5
麻栗坡烈士陵园,8
彝人古镇,126
彝人古镇彝人部落,145
武家大院,41
楚雄州博物馆,32
大龙祠,15
姚安光禄古镇,10
姚安龙华寺,5
姚安路军民总管府,4
姚安路军民总统府,1
云南昆明西游洞,21
昆明宝石洞风景区,2
明熙森林温泉,1
伽峰山风景区,1
宝石洞,1
桐株梯田,1
黄连河风景区,21
大海子,10
阿佤山,8
孟定洞景佛寺,3
耿马总佛寺,4
甘东公园,1
寂照庵,137
大理苍山石门关景区,25
黑龙潭,13
勐卧总佛寺,7
普洱博物馆,6
糯干,2
豆沙关古镇景区,34
五尺道风景区,7
霁虹桥,4
鲁史镇,10
凤庆文庙,7
鸡公山大峡谷,17
南华咪依噜风情谷,8
清平洞,1
无量山自然风景保护区,1
景东文庙,2
曼旦水库,1
三股水,8
武定狮子山,21
石羊古镇,7
三潭瀑布,6
扎西会议旧址,3
大龙洞,5
南山公园,2
狮子山风景区,8
成都大熊猫繁育研究基地,5385
锦里,11678
宽窄巷子,9446
武侯祠,4254
都江堰景区,4099
九寨沟风景区,2749
黄龙五彩池,307
九寨千古情景区,387
九寨沟沟口,261
甘海子,159
峨眉山风景区,1462
峨眉山易镇好吃街,20
罗目古镇,11
峨眉象城,28
西南交通大学(峨眉校区),61
亚丁风景区,1586
海子山,463
红草地,477
央迈勇,510
稻城白塔,425
喇荣五明佛学院,1409
色达天葬台,791
东嘎寺,93
色达县城,143
邓登曲登佛塔,43
九寨沟风景区,2749
黄龙风景区,2317
黄河九曲第一湾,1086
四姑娘山,514
若尔盖热尔大草原,1031
都江堰景区,4099
青城山风景区,2038
南桥,860
赵公山,181
映秀镇,177
喇荣五明佛学院,1409
亚丁风景区,1586
海螺沟国家森林公园,896
新都桥镇,1282
甲居藏寨,686
乐山大佛景区,3016
峨眉山风景区,1462
黑竹沟,42
金口河大峡谷,32
沐川竹海,27
黄河九曲第一湾,1086
若尔盖热尔大草原,1031
红原大草原,199
格尔底寺,87
达扎寺,50
海螺沟国家森林公园,896
新都桥镇,1282
木格措景区,603
折多山,1117
塔公草原,701
邛海风景区,1060
泸山,254
西昌古城,61
小渔村,125
月色风情小镇,43
牛背山,342
碧峰峡,342
上里古镇,356
二郎山隧道,465
四人同,190
阆中古城,558
阆中李家大院,34
锦屏山风景区,94
阆中大佛寺,29
南津关古镇,43
九皇山猿王洞,209
李白故里,148
虎牙大峡谷,62
江油窦圌山景区,148
北川老县城地震遗址,206
海螺沟国家森林公园,896
磨西古镇,541
冰川观景台,37
贡嘎山,5
海螺沟冰川森林公园,9
黄龙风景区,2317
虎牙大峡谷,62
白马王朗国家级自然保护区,29
飞瀑流晖,14
虎牙藏族乡,7
甲居藏寨,686
党岭,141
中路古遗址藏寨古碉群,142
梭坡古碉群,128
莫斯卡村,67
映秀地震遗址,388
萝卜寨,131
卧龙大熊猫自然保护区,145
漩口中学地震遗址,178
龙溪羌人谷,74
西岭雪山风景区,750
白岩寺,74
新场古镇,59
花水湾温泉,121
花水湾温泉旅游度假区,89
雅加埂(红石滩),640
贡嘎雪山,473
泸定桥,848
燕子沟风景区,98
雅家埂红石滩公园,179
蜀南竹海,347
僰人悬棺,61
天宝寨,106
翠屏山公园,86
五粮液酒史博物馆,87
剑门关风景区,294
昭化古城,151
皇泽寺风景区,95
千佛崖风景区,66
唐家河风景区,43
毕棚沟风景区,545
桃坪羌寨,389
孟屯河谷,76
米亚罗风景区,211
甘堡藏寨,107
长青春科尔寺,159
兔儿山,167
理塘草原,152
理塘,17
扎嘎神山,22
格萨拉生态旅游区,49
二滩水电站,92
米易龙潭溶洞风景区,34
雅砻江,25
攀枝花公园,67
彭州九峰山,156
彭州白鹿上书院,66
白鹿镇,10
彭州丹景山,43
彭州白水河,12
黄龙溪古镇,1332
成都海昌极地海洋公园,286
观音阁老茶馆,16
棠湖公园,41
紫颐香薰山谷,49
自贡恐龙博物馆,237
自贡国际恐龙灯会,180
自贡市盐业历史博物馆,95
燊海井,93
彩灯公园,84
阆中古城,558
阆中李家大院,34
锦屏山风景区,94
周子古镇,42
阆中大佛寺,29
草海,1665
邛海风景区,1060
赵家湾(女神湾),880
走婚桥,1915
泸山,254
黄荆老林,32
尧坝古镇旅游区,41
尧坝古镇,22
天仙硐,30
泸州方山,45
平乐古镇,265
邛崃天台山国家森林公园,427
金鸡谷,93
邛崃文君井,35
临邛古城,33
黄龙风景区,2317
松潘古城,428
川主寺,339
七藏沟,37
岷江源,99
柳江古镇,185
三苏祠博物馆,107
瓦屋山,55
峨眉半山七里坪温泉,23
槽渔滩风景名胜区,20
广汉三星堆博物馆,427
德阳文庙,80
石刻艺术墙,82
雒城,17
绵竹汉旺地震遗址,29
李白故里,148
江油窦圌山景区,148
佛爷洞,70
养马峡风景区,35
观雾山森林公园,17
达古冰川,170
奶子沟,60
羊茸哈德,19
卡龙沟风景区,34
达古冰山地质公园,3
九鼎山(九顶山),160
松坪沟,118
中国古羌城,56
叠溪海子,119
太子岭滑雪场,39
九皇山猿王洞,209
北川老县城地震遗址,206
绵阳药王谷,100
吴家后山,50
北川地震纪念馆,90
红原月亮湾,217
瓦切塔林,151
俄么塘·花海景区,102
查真梁子(长江黄河分水岭),60
日干乔湿地公园,16
遂宁中国死海,101
中国观音故里．灵泉风景区,84
广德寺,61
龙凤古镇,39
遂宁灵泉寺,32
华蓥山,102
邓小平纪念园,65
天意谷洞中天河,56
宝箴塞旅游区,11
神龙山巴人石头城,20
二滩水电站,92
米易龙潭溶洞风景区,34
普威镇油菜花海,1
马鹿寨,1
光雾山风景区,104
十八月潭,39
米仓山国家森林公园,41
光雾山小巫峡,14
光雾山桃园景区,22
成都川菜博物馆,72
三道堰景区,33
四川省鹿野苑私立石刻艺术博物馆,11
妈妈农庄,50
望丛祠景区,23
街子古镇,487
刘氏庄园博物馆,230
建川博物馆聚落,147
安仁古镇,171
元通古镇,28
凤凰山,38
八台山,24
賨人谷风景区,21
张爱萍故居,27
达县真佛山,35
隆昌石牌坊旅游区,36
张大千纪念馆,50
内江圣水寺,34
罗泉古镇,12
古宇湖风景名胜区,19
轿顶山,67
九襄古镇,56
大渡河峡谷国家地质公园,64
清溪古镇,11
佛静山,3
毛垭大草原,173
措普沟国家森林公园,57
姊妹湖,97
格聂神山,58
措普湖,13
罗城古镇,63
同兴桫椤湖,16
芭沟镇,7
犍为文庙,20
蜜蜂岩,8
卓克基土司官寨,93
西索民居,45
三奥雪山,17
雅克夏雪山,35
色尔古藏寨,13
泰迪熊博物馆,344
国色天香(乡)(摩天轮),88
四川农业大学(成都校区),14
温江城市公园,24
鱼凫国都温泉中心,15
牛背山,342
四人同,190
云峰寺,10
龙苍沟,9
光头山,1
观音桥镇,60
沙耳乡,26
金川河谷,30
观音桥,5
土基钦波观音庙,3
草海,1665
赵家湾(女神湾),880
走婚桥,1915
情人滩,777
情人树,695
木里大寺,15
白水河,5
长海子,3
云南堡瀑布,2
水洛乡,2
成都宝光寺,188
新都桂湖公园,66
保利198公园,25
西南石油大学,15
升庵桂湖,15
花舞人间景区,67
老君山,27
观音寺,25
梨花溪,15
知·美术馆,10
夹金山风景区,86
神木垒风景区,114
东拉山大峡谷,56
夹金山垭口,35
达瓦更扎,7
虎牙大峡谷,62
白马王朗国家级自然保护区,29
平武报恩寺,26
虎牙藏族乡,7
藏羌五龙村,2
柳江古镇,185
瓦屋山,55
峨眉半山七里坪温泉,23
槽渔滩风景名胜区,20
高庙古镇,29
广汉三星堆博物馆,427
雒城,17
中国民航飞行学院,26
松林桃花,14
广汉金雁湖,14
伍须海,49
仙女湖,6
猛董,2
日鲁库草原,1
鸡丑山,3
长坪沟,379
双桥沟,333
巴郎山,314
海子沟,165
猫鼻梁,171
孟获城,42
安顺场,33
中国工农红军强渡大渡河纪念馆,13
月亮湖旅游景区,7
扬扬拉错,2
光雾山风景区,104
十八月潭,39
米仓山国家森林公园,41
光雾山小巫峡,14
光雾山桃园景区,22
五凤溪,68
金堂云顶山风景区,36
云顶石城,15
三溪镇,6
金堂芍药园,1
洛带古镇,892
龙泉花果山风景区,236
桃花故里,64
石经寺,46
百工堰公园,71
什邡蓥华山风景区,10
红峡谷,12
什邡罗汉寺,10
钟鼎寺,7
什邡渔江新村,6
雀儿山,73
德格印经院,77
马尼干戈,16
玛尼堆,11
更庆寺,9
二郎山隧道,465
二郎山喇叭河旅游景区,52
二郎山茶马古道,22
紫石乡,5
红灵山,3
亚青寺,124
噶陀寺,13
白玉寺,26
滴水岩,2
播麦山省级森林公园,1
卡子拉山,238
高尔寺山,256
高尔寺山黑石城,37
金沙江,63
相克宗,10
石象湖,215
西来古镇,32
朝阳湖风景区,22
明月村,4
长滩湖,9
宜宾中都4万亩油菜花田,1
绵竹汉旺地震遗址,29
年画村,18
绵竹年画博物馆,12
云湖国家森林公园,4
剑南老街,4
雅拉雪山,187
八美,129
惠远寺,61
墨石公园景区,70
八美草原,58
毗卢洞文物景区,16
圆觉洞摩崖造像风景区,17
千佛寨,1
茗山寺,7
华严洞,3
龙肘山,2
小草坝,1
卡萨湖,23
虾拉沱村,3
霍尔广场,3
炉霍县,2
寿灵寺,4
措卡湖,6
措卡寺,9
雅砻江大峡谷,2
卡洼洛日山,2
皮察景区,2
西昌卫星发射中心,185
冶勒湖,16
冕宁彝海—灵山寺景区,37
雷波马湖,17
冕宁县灵山景区,14
然乌乡,17
噶丹桑披罗布岭寺,10
马熊沟,5
仲德村,1
三岔湖,51
樱桃沟旅游区,16
简阳龙泉湖风景区,19
圣德寺塔,7
三岔湖风景区,1
唐家河风景区,43
青溪古镇,28
东河口地震遗址公园(青川地震博物馆),15
阴平古道,4
青木川古镇,3
巴格玛尼墙-巴格玛尼墙,11
石渠色须寺,9
巴格嘛呢墙,6
松格玛尼石经城,4
松格嘛呢石经城,2
彭祖山(仙女山),32
江口崖墓,6
象耳寺,2
画稿溪自然保护区,5
丹山风景区,1
西湖村,1
黄荆老林,32
二郎滩,3
古郎洞风景区,3
太平古镇,1
二郎古镇,1
黑龙滩水库风景区,49
牛角寨大佛（仁寿大佛）,5
毗卢洞文物景区,16
圆觉洞摩崖造像风景区,17
千佛寨,1
茗山寺,7
华严洞,3
金口河大峡谷,32
大瓦山,22
大瓦山湿地公园,1
曾克寺,4
扎尕尔措,2
棒托寺,1
沐川竹海,27
黑竹沟,42
黑竹沟温泉山庄,9
五峰山森林公园,8
遂宁中国死海,101
格萨拉生态旅游区,49
雅砻江,25
箐河瀑布,8
青龙洞,6
盐边欧方营地,1
兴文石海,119
僰王山,26
八台山,24
黑熊沟,8
八台山,1
烟霞山风景区,3
花萼山,5
黄继光纪念馆,25
崴螺山森林公园,15
芍药谷,4
西眉湖,1
中江芍药谷,2
宝箴塞旅游区,11
嘉陵江,15
宝箴塞民俗文化村,4
印山公园,6
真静书岩,1
青白江凤凰湖,33
青白江杏花村,12
青白江凤凰湖樱花节,6
西江月度假区,6
三清观,4
马湖风景名胜区,30
雷波县马湖,8
賨人谷风景区,21
千佛山风景名胜区,32
罗浮山羌王城,26
绵阳罗浮山温泉,3
白水湖,5
泰丰源温泉,4
大佛寺,45
双溪湖风景区,22
花龙沟竹海,8
吴玉章故居,5
陈家祠,3
眉山青神中岩风景区,37
中国竹艺城,14
乐山师范学院,19
青神县中岩寺,4
中峰洞,13
通江诺水河风景区,13
巴中诺水河龙湖洞,17
诺水洞漂流,15
空山森林公园,6
大高桥,1
螺髻山风景名胜区,281
螺髻九十九里温泉瀑布,59
大漕河温泉瀑布,13
螺髻九十九里风景区,2
七曲山大庙,70
七曲山风景区,21
两弹城,1
文昌宫,2
关帝庙,2
百里峡盘龙洞,7
犀牛山生态园,6
宣汉县王维舟纪念馆,5
项山公园,4
苍溪红军渡,15
苍溪梨博园,9
苍溪临江寺,4
苍溪梨花节,8
泸县龙脑桥,17
玉蟾山,22
泸县宋代石刻博物馆,1
夹江千佛岩景区,43
仙寓洞,130
仙女湖,173
翡翠长廊,111
天宝寨,106
忘忧谷,117
郪江古镇,13
绵阳盛世樱花悠乐谷,2
镇江坝,1
鼓城山,10
龙潭子旅游区,2
富顺文庙,12
金竹花田,1
青山岭森林公园,3
张家祠,4
升钟湖,21
禹迹山大佛风景区,2
周子古镇,42
嘉陵第一桑梓,18
司马相如故里,3
第一桑梓,6
龙角山,4
老峨山,19
寨子城,1
巴拉格宗香格里拉大峡谷国家公园,59
香格里拉大峡谷,115
月亮湾大峡谷,153
南喀卓绒峡谷,7
朱德故里琳琅山景区,15
朱德故居纪念馆,9
金鱼山公园,4
遂宁金华山,13
高峰山,9
七彩飞瀑,78
夕佳山民居,15
迤沙拉,11
岩神山,14
攀枝花中国三线建设博物馆,7
鑫岛游乐城,15
普达.芒果乐园,3
芦山龙门砾洞景区,9
芦山姜城,5
青龙寺,2
东汉石刻馆,2
汉姜侯祠,1
灵祖殿,2
平昌县佛头山森林公园,3
佛头山森林公园,4
金城山森林公园,8
翠湖,5
神龙山名胜风景区,1
喜德公塘子温泉,1
僰人悬棺,61
葡萄井,3
牛角海,4
阿土勒尔村(悬崖村),4
马边大风顶自然保护区,3
流米寺,8
芙蓉山风景名胜区,3
中国保护大熊猫研究中心,63
卧龙镇,37
杭州宋城旅游区,635
西湖,10462
浪石金滩,1654
西溪国家湿地公园,2660
河坊街,3405
鲁迅故里风景区,1163
绍兴东湖风景区,647
安昌古镇,445
沈园,948
仓桥直街,545
天一阁,731
宁波老外滩,826
溪口·雪窦山风景名胜区,417
东钱湖风景旅游区,391
溪口蒋氏故里,496
普陀山,938
东极岛,297
朱家尖,508
嵊泗列岛,254
桃花岛,255
西塘古镇,3693
乌镇,1236
嘉兴南湖风景区,393
海宁盐官观潮景区,261
月河古街,238
雁荡山风景区,400
楠溪江,162
浙西大峡谷,149
方洞景区,172
江心屿,273
百间楼,408
小莲庄,430
张石铭巨宅,252
刘氏梯号,222
嘉业藏书楼,211
嵊泗列岛,254
东崖绝壁,217
后头湾村,117
大玉湾沙滩,39
东海大桥,77
古堰画乡,288
丽水云和梯田景区,220
仙都风景名胜区,253
遂昌南尖岩景区,174
宋城龙泉山旅游区,35
南浔古镇,823
莫干山,361
安吉中国大竹海,198
浙北大峡谷,55
飞英塔,56
神仙居,481
国清寺,235
公盂景区,128
台州府城墙(江南长城),165
括苍山,111
安吉中国大竹海,198
浙北大峡谷,55
安吉竹博园,83
天荒坪风景区,26
江南天池滑雪场,27
秦王宫,743
清明上河图,591
横店明清宫苑,582
梦幻谷,454
广州街香港街,400
大明山景区,281
天目山(西天目),140
临安太湖源(小九寨沟)景区,128
东天目山,70
浙西天池,58
浪石金滩,1654
瑶琳仙境,336
垂云通天河,1728
大奇山国家森林公园,205
严子陵钓台,112
衢州药王山,1809
天脊龙门,1455
烂柯山,1215
江山江郎山,237
廿八都古镇,101
神仙居,481
公盂景区,128
景星岩,83
皤滩古镇,75
永安溪漂流,38
西栅,3554
东栅,2224
南栅,370
京杭大运河,182
北栅,12
海宁盐官观潮景区,261
盐官古镇,55
陈阁老宅,52
徐志摩故居,35
南关厢历史文化街区,20
象山影视城,266
渔山列岛,78
松兰山滨海旅游度假区,97
石浦渔港古城,106
檀头山岛,34
溪口·雪窦山风景名胜区,417
溪口蒋氏故里,496
雪窦山大佛景区(雪窦寺),99
蒋氏故居,66
浙江溪口森林公园,68
西塘古镇,3693
西塘邮局,88
尊闻堂,27
里仁港,33
望仙桥,33
诸暨五泄风景区,349
西施故里,130
东白山,55
香榧森林公园,32
千柱屋景区,16
义乌国际博览中心,41
骆宾王公园,26
义乌海洋世界,21
桃花坞,23
义乌市稠州公园,35
台州府城墙(江南长城),165
括苍山,111
紫阳古街,200
东湖,107
临海古城墙,130
前童古镇,243
宁海浙东大峡谷(暂停营业),177
许家山村,33
宁海登山健身步道,32
桑洲镇,17
莫干山,361
下渚湖湿地,75
新市古镇,31
新市镇,14
莫干山大坑景区,3
遂昌南尖岩景区,174
神龙谷,60
南尖岩,53
遂昌千佛山景区,39
遂昌金矿国家矿山公园,80
新昌大佛寺,107
新昌千丈幽谷,52
穿岩十九峰,43
天姥山,15
沃洲湖,20
湘湖,234
杭州乐园,204
杭州烂苹果乐园,97
杭州浪浪浪水公园,20
杭州云曼温泉,26
河姆渡遗址,103
丹山赤水,34
四明湖,38
四明山国家森林公园,23
浙东小九寨,26
湖州古银杏长廊,74
仙山湖风景区,23
大唐贡茶院,38
长兴城山沟,12
八都岕十里银杏长廊,11
千岛湖风景区,1651
千岛湖森林氧吧,327
好运岛,22
下姜村,7
情人谷,6
国清寺,235
琼台仙谷,98
天台山风景名胜区,47
石梁飞瀑,68
南黄古道,39
牛头山国家森林公园,84
郭洞景区,62
俞源太极星象村,37
大红岩崆峒山景区,24
武义寿仙谷,17
良渚文化村,54
晓书馆,12
超山风景区,53
径山寺,29
余杭山沟沟景区,37
秦王宫,743
清明上河图,591
横店明清宫苑,582
梦幻谷,454
广州街香港街,400
泰顺廊桥,103
北涧桥,50
徐岙底古村落,15
仙居桥,13
三条桥,20
台回山,17
开化根宫佛国文化旅游区,23
钱江源国家森林公园(近黄山),21
钱江源,5
霞山古村落,9
石门洞森林公园,15
千峡湖,13
山口千丝岩,10
中国青田石雕文化旅游区,4
石门飞瀑,2
江山江郎山,237
廿八都古镇,101
廿八都,79
仙霞古道,43
江山仙霞关,52
富春江,227
杭州龙门古镇,60
杭州野生动物世界,75
黄公望隐居地,14
杭州富春桃源,13
杭州湾跨海大桥,204
鸣鹤古镇,46
达蓬山旅游度假区,49
杭州湾湿地,25
80天环游地球世界自然人文主题乐园,21
碗窑村,57
渔竂沙滩,74
渔寮风景区,33
苍南玉苍山森林公园,24
渔寮,18
覆卮山,33
春晖中学,20
上虞凤鸣山,8
上虞步行街,15
杭州湾海上花田,3
石塘,46
长屿硐天,76
温岭方山景区,42
羊角洞景区,17
洞下沙滩,38
洞头岛,30
仙叠岩,35
温州洞头望海楼,19
温州洞头中普陀寺,10
望海楼景区,13
新叶古村,65
大慈岩悬空寺,49
下涯镇,12
新安江水电站,52
灵栖洞天,14
雁荡山风景区,400
方洞景区,172
显胜门景区,30
雁湖景区,31
中雁荡山风景区,27
楠溪江,162
浙西大峡谷,149
茗岙梯田,19
茗岙乡,23
林坑古村,21
诸葛八卦村,281
兰溪中洲公园,25
兰溪,19
兰溪芥子园,10
长乐村,7
宋城龙泉山旅游区,35
中国青瓷小镇•披云青瓷文化园,17
凤阳山自然保护区,20
龙泉青瓷博物馆,23
黄茅尖,12
瑞安市玉海楼,13
瑞安隆山公园,11
瑞安桐溪风景区,8
万松广场,6
瑞安卧龙峡,6
仙都风景名胜区,253
河阳古民居,12
丽水大龙门景区,1
壶镇镇,3
河阳古民居,1
云中大漈,19
中国畲乡之窗,43
时思寺,7
中国畲族博物馆,5
炉西峡,4
丽水云和梯田景区,220
仙宫湖,34
瓯江帆影摄影创作基地,9
云和江南畲族风情村,4
箬寮原始林景区,6
崇仁千年古镇,21
王羲之故居,47
嵊州越剧博物馆,4
施家岙村,4
鹿山公园,5
蛇蟠岛,44
台州三门,24
东屏村,4
木杓海滩,8
浙江启明博物馆,3
磐安十八涡,37
磐安百杖潭,18
乌石村,24
舞龙峡,20
夹溪十八涡,15
永康方岩,58
五指岩,6
永康西津桥,9
方岩山,3
永康灵岩风景区,3
仙华山景区,39
浦江江南第一家,17
嵩溪村,5
新光村,2
前吴村,5
百丈漈,42
铜铃山森林公园,16
林坑,11
文成龙麒源,7
猴王谷景区,6
南北湖,106
海天一洲,102
绮园,15
海盐县博物馆,11
蝴蝶岛,5
衢山岛,20
鹿栏晴沙景区,36
岱山岛,15
东沙古镇,26
秀山岛景区,16
杨家堂村,26
黄家大院,31
松阳大木山骑行茶园景区,25
延庆寺塔,13
山下阳村,9
龙游石窟,114
龙游民居苑,18
三门源风景区,5
天池荷花,3
六春湖,2
平湖九龙山度假区,27
平湖市莫氏庄园,15
九龙山庄园,14
嘉兴九龙山乐满地水上乐园,1
外蒲山,3
玉环大鹿岛,24
玉环漩门湾观光农业园,9
漩门湾风景区,6
玉环漩门湾湿地公园,1
坎门后沙,2
百山祖景区,16
月山村,7
月山村廊桥,8
大济村,8
巾子峰森林公园,1
三衢石林风景区,10
东明湖公园,3
杭州宋城景区,1721
太子湾公园,1469
茅家埠景区,201
杭州植物园,352
第一市场,12175
蜈支洲岛,6015
三亚千古情景区,707
亚龙湾,6025
天涯海角,4568
骑楼老街,978
雷琼地质公园(火山群世界地质公园),333
万绿园,438
假日海滩,578
海南省博物馆,192
石头公园,151
铜鼓岭旅游区,200
东郊椰林风景名胜区,309
月亮湾,91
环球码头,81
加井岛,251
石梅湾,177
兴隆热带植物园,342
日月湾,83
神州半岛,75
玉带滩,448
博鳌亚洲论坛永久会址景区,378
博鳌镇,62
万泉河,123
蔡家宅,34
分界洲岛,658
南湾猴岛,538
清水湾,256
椰田古寨,159
香水湾,81
五指山热带雨林风景区,36
五指山国家级自然保护区,15
水满乡,12
海南民族博物馆,19
太平山瀑布,14
呀诺达雨林文化旅游区,2507
槟榔谷,884
七仙岭温泉国家森林公园,66
五指山黎苗风情旅游村寨,23
七仙广场,11
千年古盐田,87
东坡书院,66
石花水洞,26
儋州龙门激浪火山海岸,20
中和古镇,13
鱼鳞洲风景区,66
白查村,16
大广坝水库旅游区,12
俄贤岭风景区,11
白石岭,20
海南尖峰岭国家森林公园,61
龙沐湾,27
莺歌海盐场,31
尖峰岭天池,15
莺歌海湾,13
五指山,184
黎母山,17
白沙起义纪念园,19
什寒村,5
琼中基督教堂,1
富力红树湾湿地公园,10
罗驿古村,16
美榔双塔,19
福山咖啡文化风情镇,11
福山咖啡文化风情镇,4
棋子湾旅游度假区,53
霸王岭,26
昌化镇,8
棋子湾,2
古昌化城,9
海南文笔峰,31
海南文笔峰道家文化苑,26
南丽湖,20
海南热带飞禽世界,9
海南农垦万嘉果·热带经济植物观光示范园,3
白沙陨石坑,8
梦幻香山芳香文化园,1
猪哈哈的农场,1
鼓浪屿,12142
厦门大学,10456
南普陀寺,6140
曾厝垵,6170
厦门植物园 (万石植物园),1123
三坊七巷,1600
福州西湖公园,630
福州国家森林公园,387
鼓山,580
海坛岛,154
武夷山风景区,770
九曲溪,747
一线天景区,893
下梅古民居,100
青龙大瀑布,110
开元寺,835
崇武古城,369
清源山风景名胜区,364
清净寺,319
泉州西街,310
北岐,261
小皓海滩,236
杨家溪,175
三沙镇,144
东壁,157
南靖土楼,467
风动石景区,274
火山岛自然生态风景区,128
马銮湾景区,191
镇海角,106
海坛岛,154
塘屿岛,136
北港村,86
东庠岛,34
东海仙境,81
南靖土楼,467
塔下村,307
田螺坑村,176
德远堂,119
南靖树海瀑布,25
福建土楼永定景区,912
振成楼,227
初溪土楼群,90
侨福楼,120
世泽楼,54
湄洲岛,301
南日岛,62
湄洲妈祖庙,185
九鲤湖风景区,91
黄金沙滩,77
嵛山岛(福瑶列岛),584
太姥山,382
北岐,261
小天湖(大嵛山岛),213
小皓海滩,236
福建土楼永定景区,912
振成楼,227
连城冠豸山,131
培田古民居,77
古田会议旧址,114
武夷山风景区,770
九曲溪,747
一线天景区,893
下梅古民居,100
青龙大瀑布,110
嵛山岛(福瑶列岛),584
太姥山,382
小天湖(大嵛山岛),213
灶澳村,11
资国寺,19
大金湖,208
三明上清溪,95
寨下大峡谷,111
泰宁古城,91
金饶山,30
大金湖,208
三明上清溪,95
寨下大峡谷,111
泰宁古城,91
泰宁尚书第建筑群,99
青云山景区,105
云顶天池,61
永泰天门山,48
青云山风景区,69
永泰莒溪风景区,11
崇武古城,369
西沙湾,87
聚龙小镇,56
大岞村,26
青山湾,48
贵安欢乐世界,45
青芝山,32
黄岐,19
奇达村,15
溪山温泉,25
火山岛自然生态风景区,128
六鳌翡翠湾,66
六鳌抽象画廊,87
六鳌镇,19
赵家堡与诒安堡,39
五店市,92
围头湾,27
蔡氏古民居,45
泉州草庵,26
龙山寺,14
南澳海滩,27
下沙,32
长乐市,25
东洛岛,10
金刚腿,11
石竹山,51
灵石山国家森林公园,13
福清弥勒岩,14
福州师范大学福清分校,10
大姆山草场,3
联合梯田,26
尤溪龙门银杏林,13
桂峰村,10
尤溪侠天下旅游区,7
尤溪龙门场,8
桃源洞风景名胜区,102
安贞堡,16
永安鳞隐石林,29
甘乳岩风景区,12
天宝岩自然保护区,8
长汀古城,59
汀州古城,18
长汀县博物馆,16
汀州文庙,14
三元阁,13
淘金山,68
大佑山,10
三明七仙洞,10
悬索桥,1
连城冠豸山,131
培田古民居,77
石门湖,22
冠豸山长寿峰,24
生命之门,16
永宁古镇,49
石狮黄金海岸,101
姑嫂塔,26
永宁镇,15
永宁老街,9
泛船浦天主教堂,86
农林大学,132
福建师范大学,106
花海公园,35
金山寺,49
白水洋景区,172
鸳鸯溪,52
宁德鸳鸯溪,59
双溪镇,11
漈头村,8
旗山国家森林公园,65
十八重溪景区,48
福建中医药大学,26
三叠井森林公园,14
福州雪峰山,11
九鲤湖风景区,91
菜溪岩,16
仙水洋,15
蔡襄陵园,3
天马山,5
福安白云山世界地质公园,36
福安廉村,12
福安冰臼群,12
瓜溪村,3
福安溪塔村葡萄沟,8
镇海角,106
埭尾村（埭美村，埭美古民居群）,16
东山关帝庙,15
厦门大学漳州校区,23
白塘湾火山公园,7
同安影视城(原远华影视城),89
梵天寺,25
北辰山风景名胜区,20
厦门野山谷景区,13
金光湖,18
金饶山,30
金铙山,34
建宁修竹荷苑,4
周恩来旧居,2
闽江源生态旅游区,2
日月谷温泉公园,142
天竺山森林公园,17
石室禅院,11
十里蓝山寻梦谷,11
厦门海沧野生动物园,19
鲤鱼溪公园,20
中国碧城世界地质公园陈峭景区,7
福建宁德周宁蝙蝠洞,5
鲤鱼溪,1
方广禅寺,1
古山重景区,40
玛琪雅朵花海(十里蓝山),22
漳州长泰半月山温泉度假村,1
寻梦谷,2
长泰山重村,3
清水岩,37
安溪龙门森林公园,12
自在仙境,5
安溪华祥苑生态茶庄园,2
安溪尤俊农耕文化园,6
福建九侯山,8
望洋台,5
山河古村,1
东山风动石景区,48
漳州云霄乌山风景名胜区,4
竹塔红树林自然保护区,7
乌山,1
将军山公园,7
宁德霍童支提山,11
七都,20
斗姆风景区,14
宁德南山漈风景区,8
霍童镇,2
灵通岩风景区,16
平和县三平风景区,13
中山公园,17
漳州平和灵通岩,8
灵通山,9
九鹏溪,21
永福镇,9
台品樱花园,4
漳平市博物馆,2
宏琳厝,12
闽清大明谷温泉村,7
官圳村,1
玉华洞,90
宝山风景名胜区,3
华阳山,3
大嶝岛,211
小嶝岛,29
英雄三岛战地观光园,48
海下隧道,79
香山公园,1
宁化天鹅洞,31
古田会议旧址,114
古田会议纪念馆,47
梅花山国家级自然保护区,5
中国虎园,1
古田旅游区,3
宁德东狮山,7
九龙井景区,3
鸳鸯头村,2
罗星塔公园,116
船政文化博物馆,88
昭忠祠,37
马尾造船厂,18
琅岐岛,27
和平古镇,1
天成奇峡,5
樟脚村,13
惠屿岛,7
政和县博物馆,1
南平茫荡山,16
龙井山,10
南平溪源峡谷,17
南平九峰山,31
九峰山公园,5
坪盘村油菜花,20
江春霖纪念馆,1
莆田瑞云山风景区,3
崇福美丽乡村,1
双亭御温泉度假村,3
三明玉虚洞,4
御帘村,1
洛阳桥,196
仰恩大学,18
仙公山,32
忠惠蔡公祠(东门),11
虹山瀑布,5
半月里,4
侵华日军南京大屠杀遇难同胞纪念馆,2870
总统府,3917
南京博物院,1570
玄武湖公园,3112
夫子庙-秦淮风光带,3249
苏州博物馆,3118
平江路,3679
周庄古镇,2638
虎丘,2470
七里山塘,2614
鼋头渚,2108
惠山古镇,717
灵山胜境风景区,703
宜兴竹海风景区,425
拈花湾,286
瘦西湖,2836
个园,1421
何园,973
大明寺,496
京杭大运河(扬州段),553
南山竹海,511
天目湖,433
淹城野生动物园,199
淹城春秋乐园,271
常州中华恐龙园,1068
西津渡历史文化街,804
金山景区,815
北固山风景区,291
镇江焦山风景区,267
南山国家森林公园,129
花果山,543
连岛海滨旅游景区,471
渔湾风景区,218
海上云台山,54
连云港桃花涧,41
云龙湖,342
徐州博物馆,211
窑湾古镇,58
龟山汉墓,144
徐州汉文化景区,80
宜兴竹海风景区,425
善卷洞,288
大觉寺,108
龙背山森林公园,78
龙池山自行车公园,81
南通狼山风景名胜区,227
黄金海滩,66
濠河,243
水绘园,79
南通博物苑,92
周庄古镇,2638
锦溪古镇,418
阳澄湖,417
千灯古镇,291
张厅,339
千岛油菜花景区,352
李中水上森林公园,149
溱湖国家湿地公园,139
泰州老街,196
凤城河风景区,40
千岛油菜花景区,352
李中水上森林公园,149
郑板桥故居,42
兴化老街,39
千岛菜花风景区,10
鼋头渚,2108
太湖,965
灵山胜境风景区,703
拈花湾,286
中央电视台无锡影视基地,914
尚湖,249
沙家浜风景区,231
虞山国家森林公园,182
兴福寺,66
剑门景区,55
周恩来纪念馆,168
周恩来故居,122
古镇河下,56
淮安府署,46
明祖陵,54
大丰麋鹿国家级自然保护区,80
盐城国家级珍禽自然保护区,48
水街,64
大纵湖,39
荷兰花海,37
南山竹海,511
天目湖,433
涵田半山温泉度假村,44
金坛茅山,21
天目湖有机鱼头,63
爱情隧道,81
汤山颐尚温泉,183
佛顶宫,15
汤山一号温泉,52
南京明文化村(阳山碑材),31
华西村,173
黄山湖公园,31
鹅鼻嘴公园,46
江阴嘉茂国际花鸟园,14
江阴大桥,38
太仓沙溪古镇,123
浏河镇,38
沙溪镇,11
太仓天镜湖,11
太仓郑和公园,26
项王故里,100
三台山森林公园,33
洪泽湖湿地,33
骆马湖湿地,48
乾隆行宫,17
高淳国际慢城,67
高淳老街,105
南京高淳县桠溪国际慢城生态之旅,32
漆桥古村,12
石臼湖,2
万善公园,6
水晶山,5
季子庙风景区,4
延陵季子墓碑,3
凤凰湖,3
恬庄古街,15
张家港香山景区,5
杨舍老街,10
张家港市暨阳湖欢乐世界,8
金凤凰温泉度假村,9
明祖陵,54
铁山寺国家森林公园,44
盱眙第一山,22
铁山寺,19
中国藏獒观赏园总园,4
水绘园,79
定慧禅寺,19
李昌钰刑侦技术博物馆,1
镇国寺,13
京杭运河,12
盂城驿景区,8
高邮湖湿地,6
文游台,9
茅山,88
宝华山国家森林公园,41
茅山新四军纪念馆,20
隆昌寺,11
苏南抗战胜利纪念碑,10
天生桥公园,16
溧水天生桥,13
溧水周园,10
傅家边农业科技园,6
石湫,5
黄海森林公园,13
弶港镇,12
永丰林农业生态园,13
董永七仙女文化园,8
西溪旅游文化景区,2
黄桥古镇,16
泰兴市古银杏森林公园,7
新四军黄桥战役纪念馆,6
庆云禅寺,2
黄桥战役纪念馆,3
艾山九龙风景区,11
桃花岛,1
银杏时光隧道,1
古银杏姊妹园,3
大运河,1
牧城公园,1
大丰麋鹿国家级自然保护区,80
荷兰花海,37
大丰港海洋世界,9
盐城丹顶鹤湿地生态公园,3
施耐庵纪念馆,5
张謇故居,77
蛎蚜山国家海洋公园,6
江海博物馆,1
南通海门市张謇纪念馆,2
东方盐湖城,38
华夏宝盛园,12
长荡湖旅游度假区,17
知道坊,2
中华性文化博物馆,4
窑湾古镇,58
马陵山风景名胜区,26
洪泽湖,40
蒋坝镇,6
老子山温泉山庄,11
凤凰泉国际体育旅游度假中心,1
淮上明珠温泉度假村,2
南湖公园,3
汉城景区,11
汉高祖原庙,5
歌风台,6
后羿公园,6
息心寺,6
白塘河湿地公园,3
扬州宝应湖国家湿地公园,3
汉皇祖陵,4
古梨树森林公园,3
果都大观园,2
洪泽湖湿地,33
世纪公园,3
柳山湖旅游风景区,2
窑湾古镇,9
大伊山风景区,19
潮河湾生态园,1
淮安五岛公园,8
广州塔(小蛮腰),5201
石室圣心大教堂,2875
沙面,3986
陈家祠,1967
白云山,2001
东部华侨城,1385
大梅沙海滨公园,1819
世界之窗,2713
莲花山公园,904
大鹏所城,484
情侣路,1935
外伶仃岛,384
珠海圆明新园,828
东澳岛,199
妈祖阁,1163
巽寮湾,847
惠州西湖,671
罗浮山,352
南昆山国家森林公园,143
博罗哈施塔特小镇,407
顺德清晖园,498
佛山祖庙,731
顺峰山公园,265
南风古灶,298
西樵山,384
下坝坊,274
松山湖风景区,363
可园,262
观音山国家森林公园,159
威远炮台,186
南澳岛,408
老城区,340
汕头大学,221
礐石风景区,168
陈慈黉故居,79
丹霞山,985
广东大峡谷(乳源大峡谷),279
帽子峰林场,147
南岭国家森林公园,154
坪田银杏之乡,116
顺德清晖园,498
顺峰山公园,265
逢简水乡,212
陈村花卉世界,52
碧江金楼,23
牌坊街,453
广济桥,512
韩文公祠,175
潮州西湖公园,201
甲第巷,72
孙中山故居,424
中山影视城,145
金钟水库,186
中山詹园,115
岐江公园,157
岭南印象园,614
大夫山森林公园,887
广州长隆旅游度假区,465
番禺莲花山,312
沙湾古镇,253
南岗千年瑶寨景区,221
古龙峡,268
英西峰林走廊,134
清远连州地下河,142
牛鱼嘴原始生态风景区,85
湖光岩风景区,329
观海长廊,218
特呈岛,165
东海岛,187
湛江海滨公园,130
鼎湖山景区,578
肇庆古城墙,160
盘龙峡,148
鼎湖,181
肇庆星湖风景名胜区,72
阳江海陵岛,479
沙扒湾,279
广东海上丝绸之路博物馆(南海一号博物馆 ),193
月亮湾,152
珍珠湾,51
下川岛,140
开平碉楼,283
赤坎古镇,263
自力村,179
小鸟天堂,188
开平碉楼,283
赤坎古镇,263
自力村,179
赤坎骑楼,235
赤坎欧陆风情街,258
梅州客天下景区,188
五指石,57
中国客家博物馆,97
梅州雁南飞茶田度假村,110
桥溪古韵,42
石门国家森林公园,156
溪头村,83
流溪河国家森林公园,77
阿婆六村,18
从化温泉度假区,73
帽子峰林场,147
坪田银杏之乡,116
梅关古道,114
珠玑巷(沙水镇),51
珠矶巷,46
巽寮湾,847
惠州海边十里银滩,57
亚婆角海滨旅游区,13
三角洲,17
港口镇,16
万绿湖风景区,274
亚洲第一高喷泉,171
野趣沟,65
巴伐利亚庄园,38
河源新丰江水库大坝,71
红海湾旅游区,281
龟龄岛,43
汕尾海丰莲花山,44
玄武山旅游区,31
南海观音庙,21
增城白水寨,425
大丰门风景区,13
正果湖心岛,18
增城公园,23
畲族风情村,4
英西峰林走廊,134
英西峰林,95
宝晶宫,84
九州驿站,41
英德天门沟景区,21
九龙湖度假区,94
花都香草世界,41
石头记矿物园,19
梯面镇,19
花都湖,36
茂名中国第一滩,200
放鸡岛海上度假公园,129
浪漫海岸国际旅游度假区,39
茂名森林公园,78
高州仙人洞风景区,20
揭阳楼,103
黄满磜瀑布群,33
客鸟尾,20
黄岐山,45
德安里,27
下川岛,140
那琴半岛地质海洋公园,15
上川岛,79
浪琴湾,39
飞沙滩旅游区,27
南澳岛,408
南澳北回归线标志·自然之门,55
南澳,17
南澳岛,2
招兵树,8
广东大峡谷(乳源大峡谷),279
南岭国家森林公园,154
云门山旅游度假区,17
云门寺,68
南水水库,39
清远连州地下河,142
湟川三峡,53
潭岭天湖,8
龙潭度假区,3
卿罡村,6
国恩寺,33
八排山,18
天露山,13
云浮藏佛坑,15
云浮天露山旅游度假区,12
东部华侨城,1385
大梅沙海滨公园,1819
小梅沙,817
中英街,442
中信明斯克航母世界(永久停业),374
广东第一峰旅游风景区,40
贤令山,8
石坑崆景区,6
大东山,2
大东山温泉度假区,1
南岗千年瑶寨景区,221
油岭瑶寨,13
三排瑶寨,13
连南瑶族温矿泉,4
连南瑶族自治县民族博物馆,4
三水荷花世界,116
大旗头古村,40
三水森林公园,60
佛山三水九道谷漂流景区,17
芦苞祖庙,11
沙扒湾,279
月亮湾,152
沙扒镇海水浴场,52
阳西咸水矿温泉,18
阳西青洲岛,5
南昆山国家森林公园,143
香溪堡,14
龙门尚天然度假村,12
龙门蓝田瑶族风情园,12
南昆三寨谷,8
灯楼角,20
徐闻珊瑚礁自然保护区,18
徐闻古港,11
大汉三墩景区,12
白沙湾,12
国恩寺,33
天露山,13
云浮藏佛坑,15
云浮天露山旅游度假区,12
六祖故居,17
德安里,27
普宁广场,16
盘龙湾温泉度假村,11
梅园,12
莲花山公园,4
九峰镇,75
乐昌九峰山,34
龙王潭,14
古佛洞天,22
坪石镇,13
鳌峰山,8
恩平歇马举人村,6
那吉石头村,4
歇马村,4
恩平云礼石头村,3
罗浮山,352
博罗哈施塔特小镇,407
象头山,13
秋枫寨旅游度假区,1
长津冰雪大世界,1
雷州古城,11
乌石镇,20
雷州三元塔公园,25
雷州西湖,30
雷祖祠,6
崆峒岩风景区,17
阳江龙宫岩,12
春湾风景区,15
阳春东湖公园,11
玉溪三洞,9
金台寺,103
黄杨山,21
斗门旧街,18
鳄鱼岛,14
金台寺,6
云髻山自然保护区,30
新丰樱花峪,45
新丰沙田镇,5
九栋十八井,3
新丰江源温泉,6
茂名天马山,25
镇隆古城,10
石根山风景旅游区,16
茂名大雾岭,11
信宜大田顶,6
泰安楼,33
坪山梯田,26
肇庆堂,7
富大陶瓷工业旅游区,3
西湖公园,8
盘龙峡,148
德庆悦城龙母祖庙,49
金林水乡,18
肇庆三元塔,12
德庆孔庙,8
森波拉,31
观音山王山寺,14
森波拉度假森林,6
金龟泉生态度假村,5
观音山,6
万佛园,3
龙鲸河漂流旅游区,5
韩山生态旅游度假区,1
八乡山旅游度假区,1
龙归寨瀑布,1
高明盈香生态园,55
皂幕山,42
盈香生态园,11
杨梅观音禅寺,13
高明美的鹭湖森林度假区,9
河源圣迹苍岩,9
南山公园,2
白云楼,1
荷包岛,84
飞沙滩,91
海泉湾海洋温泉,141
珠海神秘岛乐园,69
吉林大学珠海学院,72
丹霞山,985
灵溪河森林旅游渡假公园,13
丹霞山性博文化博物馆,24
石塘村,4
长江镇,3
茂名中国第一滩,200
放鸡岛海上度假公园,129
浪漫海岸国际旅游度假区,39
御水古温泉,23
博贺港,17
凤凰天池,48
龙湖寨,30
凤凰山乌岽顶,23
潮州幽谷逸林,18
潮州凤翔峡原始生态旅游区,21
汕尾海丰莲花山,44
红宫红场,27
彭湃故居,10
方饭亭,4
羊蹄岭,1
金子山原生态旅游风景区,33
欧家梯田,27
鹰扬关,5
大旭山瀑布群,4
鹿鸣关,1
霞涌镇,41
大甲岛,31
小辣甲,20
三门岛,24
大亚湾,12
陈慈黉故居,79
塔山风景区,44
莱芜岛风景区,19
科隆千树园,14
慈黉故居,18
神光山旅游区,14
神光山旅游风景区,11
神光山,9
磐安围围龙屋,7
神光山森林公园,3
道韵楼,19
青岚地质公园,14
绿岛山庄,29
汤溪水库,1
中山公园,6
高州仙人洞风景区,20
根子镇,17
玉湖国家水利风景区,11
高州市宝光塔,12
冼太庙,1
湛江红树林国家级自然保护区,16
鹤地水库,14
蛤岭村,5
谢鞋山,2
人民公园,7
大斑石,12
封开国家地质公园,8
杨池古村,7
龙山风景区,7
大旺海鹰博览中心,3
世外桃源,27
燕岩,14
燕山风景区,14
燕峰峡,8
湛江吴川吉兆湾旅游度假区,26
吴川鼎龙湾,1
李汉魂故居,2
德萨斯水世界,1
越王山风景区,5
南山寺观音殿,8
五华热矿泥温泉山庄,3
遂溪孔子文化城,7
镜花缘生态旅游度假风景区,58
桂山,53
苏家围,29
万绿谷,26
苏家围客家乡村旅游区,15
蕉岭石寨土楼,3
满堂客家大围,16
深渡水生态景区,19
广东车八岭国家级自然保护区,14
铜钟寨景区,9
漓江,3993
西街,4957
龙脊梯田,1637
桂林两江四湖,1654
桂林千古情景区,967
桂林千古情景区,967
遇龙河,3705
西街,4957
阳朔十里画廊,2587
漓江漂流(杨堤-兴坪段),2790
北海银滩,2222
涠洲岛,1635
北海老街,1695
侨港风情街,454
冠头岭国家森林公园,209
青秀山风景区,701
扬美古镇,180
南湖公园,456
广西民族博物馆,131
广西大学,289
龙潭公园,225
三江程阳风雨桥,190
程阳八寨景区,104
柳侯公园,179
柳州工业博物馆,56
黄姚古镇,641
姑婆山国家森林公园,211
贺州玉石林景区,54
钟山十里画廊,33
十八水风景区,49
万尾金滩,264
白浪滩,164
防城港怪石滩,109
簕山古渔村,36
十万大山国家森林公园,26
龙脊梯田,1637
龙胜龙脊山,91
龙胜南山牧场,15
白面瑶寨,3
银水侗寨,10
万尾金滩,264
东兴京岛风景名胜区,40
东兴屏峰雨林公园,18
古榕部落,16
七彩贝丘湾,6
骑楼城,143
龙母庙,70
石表山景区,25
白云山景区,46
梧州中山公园,36
通灵大峡谷,266
鹅泉,146
渠洋湖,44
旧州老街,80
大石围天坑群,36
巴马长寿村,176
百魔洞,149
百鸟岩,82
长寿水晶宫,85
盘阳河,48
通灵大峡谷,266
鹅泉,146
渠洋湖,44
旧州老街,80
古龙山峡谷群,37
德天跨国大瀑布,844
明仕田园,257
归春河,82
花山壁画,47
归春界河,42
三江程阳风雨桥,190
程阳八寨景区,104
三江鼓楼,96
丹洲岛,33
侗乡鸟巢,39
钦州三娘湾风景区,129
八寨沟,40
七十二泾,16
冯子材故居,30
刘永福旧居,32
大容山森林公园,57
云天文化城,73
谢鲁山庄,17
真武阁贵妃园,35
广西容县都峤山森林公园,17
巴马长寿村,176
百魔洞,149
百鸟岩,82
长寿水晶宫,85
凤山三门海,76
大龙洞景区,73
三里洋渡风景区,74
下水源(建设中),29
西燕镇油菜花田,31
东红湿地,11
桂平西山风景区,69
龙潭国家森林公园,15
南山寺,20
贵港东湖,24
桂平北回归线公园,11
德天跨国大瀑布,844
明仕田园,257
归春河,82
归春界河,42
黑水河,32
莲花山旅游风景区,30
圣堂山,42
百崖大峡谷,26
圣堂湖风景区,10
象州温泉,12
古东瀑布,476
大圩古镇,206
海洋村,95
漓江古东景区,18
大桐木湾村,13
古镇石板街,250
带龙桥,264
仙人古井,193
龙爪榕,202
石跳桥,171
友谊关景区,1
匠止烈士陵园,5
平岗岭,3
恭城红岩村,20
恭城文庙,13
恭城武庙,11
桃花源,8
恭城河,2
猫儿山森林公园,70
八角寨,26
风雨桥,43
桂林资源天门山,9
资江景区,5
雨卜民族风情旅游区,31
龙女沟景区,15
元宝山,17
融水贝江风景区,16
融水老子山,11
左江风景区,22
法国领事馆旧址,36
小连城,14
小连城名胜风景区,6
陆荣廷旧居陈列馆,1
宜州市刘三姐故居,9
小龙村,7
滴水观音,1
卧佛洞口,1
刘三姐故里景区,2
星岛湖,23
大江埠越南边关风情村,37
北海金湾红树林,15
曲樟,4
合浦古汉墓,8
秀水状元村,19
福溪村景区,6
富川古明城,9
川岩摩崖石刻,5
风雨桥,5
吉星岩,8
红叶森林公园,9
真武阁贵妃园,35
广西容县都峤山森林公园,17
庆寿岩,7
江南四大名楼--真武阁经略台,3
容州民国小镇,1
大石围天坑群,36
穿洞天坑,14
乐业大石围,12
罗妹莲花洞,9
大明山,90
伊岭岩风景区,55
灵水,59
南宁花花大世界,56
明秀园,6
大容山森林公园,57
勾漏洞风景区,39
会仙河公园,14
九瀑谷,6
巴平梯田,2
歌娅思谷,1
广西南丹温泉公园,5
感恩洞,3
铜江公园,1
白浪滩,164
防城港怪石滩,109
西湾大桥,57
北仑河,39
防城港月亮湾,32
大化七百弄国家地质公园,16
七百弄风景名胜区,6
大化红水河百里画廊,7
七百弄天下第一弄,4
浩坤湖,10
凌云景区,4
纳灵河谷景区,1
纳灵洞,3
茶山金字塔,5
昆仑关,29
宾阳南街,11
芦圩古镇,11
白鹤观竹海旅游度假区,4
乐满地主题乐园,118
兴安灵渠,70
灵渠·水街,46
兴安水街,31
老人山,12
西津湖风景区,4
九龙瀑布群国家森林公园,3
南宁龙虎山,58
布泉河,28
更望湖,16
石头开花,4
宴石山,5
桂林天坑,6
金钟山旅游度假区,4
永福岩,2
金钟山景区,2
永福岩,2
石门仙湖景区,15
坐妹,11
天龙顶山地公园,8
白霜涧景区,5
石庙山风景区,7
红军岩通天河,4
平果鸳鸯滩漂流景区,4
平果文化公园,3
广西省柳州市鹿寨香桥岩溶国家地质公园,20
桂林千家峒景区,3
黄关镇,2
月岭古民居,2
凤山三门海,76
万寿谷,5
鸳鸯洞,4
凤山世界地质公园地质博物馆,7
凤山世界地质公园三门海天窗群景区,6
六峰山,13
大芦村古宅,6
三海岩,1
谢鲁山庄,17
龙珠湖,10
田州古城,18
那坡黑衣壮风情园,9
姑婆山国家森林公园,211
钟山十里画廊,33
广西省工委历史博物馆,1
石表山景区,25
道家沙滩公园,3
古井景区,3
花山壁画,47
六堡镇,2
柳城崖山景区,11
响水风景区,10
鹿峰山,8
皆马村,1
布达拉宫,5146
纳木错,3208
羊卓雍措,2577
大昭寺,3319
八廓街,2581
雅鲁藏布大峡谷,840
南迦巴瓦峰,1170
鲁朗林海,763
林芝地区,958
米堆冰川,549
古格王国遗址,297
冈仁波齐神山,370
玛旁雍错,341
札达土林国家地质公园,268
拉昂措,235
珠峰大本营,973
扎什伦布寺,1177
卡若拉冰川,757
珠穆朗玛峰,375
白居寺,215
果果塘大拐弯,44
多雄拉山,62
嘎隆拉雪山,44
老虎嘴瀑布,22
仁钦崩寺,15
米堆冰川,549
通麦天险,647
桃花沟风景区,233
通麦大桥,379
波密岗乡林芝云杉林,109
羊卓雍措,2577
拉姆拉错,244
桑耶寺,242
雅鲁藏布江,380
雍布拉康,252
纳木错,3208
色林措,73
当惹雍错,65
措那湖,239
那曲高寒草原,92
觉巴山,165
拉乌山,116
金沙江大桥,68
芒康县,83
昌都盐井盐田,47
然乌湖,711
来古冰川,82
觉巴山,165
七十二拐,146
东达山,143
然乌湖,711
来古冰川,82
七十二拐,146
业拉山,143
安久拉山,106
冈仁波齐神山,370
玛旁雍错,341
拉昂措,235
纳木那尼峰,120
神山,109
卡若拉冰川,757
白居寺,215
满拉水库,301
宗山古堡(宗山抗英遗址),287
江孜古城,133
吉隆沟,51
曲登尼玛冰川,11
吉布峡谷,6
扎村景区,1
乃村景区,2
巴松错,640
米拉山,488
巴松措,64
中流砥柱,633
新措,37
羊卓雍措,2577
普莫雍错,95
普莫雍错,3
推瓦村,3
乃钦康桑雪山,1
阿扎古冰川,13
察瓦龙,8
察隅县,5
沙琼村,1
德姆拉山口,1
念青唐古拉山,942
那根拉,1105
扎西半岛,312
玛尼堆,429
纳木错乡,210
珠峰大本营,973
绒布寺,277
嘉措拉山口,165
珠峰观景台,205
加乌拉山,68
措那湖,239
格拉丹东雪山,7
错那湖,1
古格王国遗址,297
札达土林国家地质公园,268
托林寺,78
西夏邦马风景区,62
东嘎遗址,15
雅鲁藏布大峡谷,840
南迦巴瓦峰,1170
南伊沟,342
索松村,91
佛掌沙丘,126
拉姆拉错,244
加查县,30
琼果杰寺,9
拉姆拉措,3
拉姆拉错,2
米拉山口,1463
松赞干布出生地,166
直贡梯寺,40
思金拉措湖,17
德仲温泉,25
岗巴拉山,104
多情错,20
帕里草原,15
卓木拉日峰,14
多庆湖,16
吉普村,5
318国道5000公里纪念碑,5
楚布寺,23
甘丹颇章,26
藏医药博物馆,35
乃朗寺,10
樟木口岸,194
樟木318国道,63
樟木小镇,106
佩古错,31
友谊桥,80
孜珠寺,1
雅鲁藏布江,380
雅鲁藏布江水葬台,42
夏珠林寺,13
月亮湾,8
岗巴拉山口,2
甘丹寺,84
扎叶巴寺,37
扎耶巴洞窟群,7
桑阿寺,5
拉萨河,2
巴尔曲德寺,6
冲康,1
扎布耶茶卡,38
帕羊,48
仁青休布错,14
仁多乡,9
五彩沙漠,5
拉萨河大桥,75
曲水大桥,48
聂塘寺,9
40冰川,17
卡久寺,15
色卡古托寺(赛卡古托寺),14
洛卓沃龙寺(卓瓦隆寺),9
勒布沟景区,2
古沙棘林,4
拿日雍错,1
吞巴乡,10
穷母岗日峰,5
扎日南木措,67
扎日南木错,4
玉曲河,11
昌都查杰玛大殿,7
卡玛多塔林,5
类乌齐寺,5
德庆颇章神山,2
那曲高寒草原,92
草原八塔,28
那曲赛马场,23
安多县,27
孝登寺,10
班公错,151
界山达坂,40
古格村,30
日土镇,36
鸟岛,5
赞丹寺,15
藏王墓群,35
改则,7
洞错,2
桑耶寺,242
青朴修行地,53
敏珠林寺,19
扎央宗,3
哲古草原,20
盐湖,7
热拉雍仲林寺,2
贡德林草原,7
思金拉错湖,4
达古景区,2
三色湖,7
尼姑寺,28
热振寺,7
色林措,73
乃钦康桑雪山,80
宗巴拉山,36
吴如错,7
黔灵山公园,1294
青岩古镇,1251
贵阳花溪国家城市湿地公园,409
甲秀楼,1102
天河潭,454
西江千户苗寨,2582
镇远古镇,2007
肇兴侗寨,583
郎德上寨,311
舞阳河,596
小七孔景区,1357
茂兰喀斯特森林保护区,340
大七孔景区,387
荔波古镇,142
水春河风景区,40
镇远古镇,2007
舞阳河,596
和平村,241
龙潭,114
高过河景区,64
黄果树瀑布,2272
龙宫景区,260
天龙屯堡,182
云峰屯堡风景名胜区,60
儒林路,32
赤水大瀑布景区,444
四洞沟景区,289
丙安古镇,231
佛光岩景区,184
遵义会议会址,474
赤水大瀑布景区,444
四洞沟景区,289
丙安古镇,231
佛光岩景区,184
遵义会议会址,474
万峰林,485
马岭河大峡谷,440
万峰湖,97
马岭河峡谷,34
兴义地质公园,21
郎德上寨,311
郎德苗寨,165
下司古镇,34
季刀苗寨,76
南花苗寨,49
梵净山风景区,453
大明边城,78
老金顶,96
蘑菇石,123
云舍村,45
小七孔景区,1357
茂兰喀斯特森林保护区,340
大七孔景区,387
平塘天眼景区,42
荔波古镇,142
乌蒙大草原,30
妥乐村,41
坡上草原,28
玉舍国家森林公园,34
韭菜坪,29
加榜梯田,266
岜沙苗寨,346
小黄侗寨,116
加车村,39
占里侗寨,24
织金洞,442
贵州百里杜鹃风景区,144
草海自然保护区,177
百草坪,32
织金洞国家地质公园大峡谷(绮结河)园区,22
黄果树瀑布,2272
黄果树盆景园,232
冒水潭,68
石头寨,42
螺蛳滩瀑布,98
西江千户苗寨,2582
西江夜景,15
赏江楼,43
雷公山,33
开觉村,18
都匀斗篷山景区,37
都匀石板街,34
螺丝壳原始森林,13
都匀剑江,15
黔南州都匀西山公园,25
肇兴侗寨,583
堂安侗寨,253
堂安梯田,19
黄岗侗寨,42
黎平翘街,58
织金洞,442
织金洞国家地质公园大峡谷(绮结河)园区,22
织金洞,1
大利侗寨,51
车江三宝侗寨,112
宰荡侗寨,25
车江古榕群,16
摆贝苗寨,9
高要梯田,18
石桥村,12
万达小镇,6
龙泉山,9
丹寨,2
乌蒙大草原,30
妥乐村,41
坡上草原,28
世界古银杏之乡,9
丹霞山护国寺,13
桐梓小西湖,10
黔北花海,4
上天池,1
水银河,8
贵州凤凰山国家森林公园,7
金海雪山,32
贵定音寨,19
剑江风景名胜区,3
阳宝山,1
金海雪山·四季花谷,1
三都怎雷水寨,16
三洞乡,6
尧人山国家森林公园,8
仙石王,3
控抗苗寨,3
南江大峡谷,188
紫江地缝,10
猴耳天坑风景区,9
香火岩景区,6
青龙十里画廊旅游区,7
龙架山国家森林公园,13
龙里大草原,36
韭菜坪,9
可乐古夜郎遗址,6
中国傩城,5
平塘天眼景区,42
掌布风景区,15
甲茶,10
天文体验馆,4
甲茶风景名胜区,2
仁怀茅台镇,84
仁怀中国酒文化城,20
茅台天酿景区,9
赤水河谷旅游公路,7
茅台中国酒文化城,2
红果树瀑布,14
清溪峡景区,4
双河谷,1
十二背后·双河谷景区,4
诗乡花海,4
天下第一壶茶文化公园,25
七彩部落,3
中国茶海景区,2
浙大西迁陈列馆,6
浙大广场,1
双乳峰景区,62
北盘江大峡谷,21
三岔河景区,11
竹林堡石林,8
黔西南双乳峰景区,1
赤水河谷旅游公路,7
箐山森林公园,1
杉王景区,5
飞鸽景区,2
丹霞谷,1
剑河温泉大池,22
八仙洞,1
桂花村,3
天龙屯堡,182
天台山,15
斯拉河(撕拉河),8
天龙学堂旧址,2
蛤蚌河,6
福泉古城文化旅游景区,3
洒金谷风景区,1
福泉市文峰广场,1
坝陵河大桥,45
滴水滩瀑布景区,48
神龙洞,72
花江大峡谷,17
红崖古迹,27
红枫湖风景名胜区,147
时光贵州,87
平坝农场,13
八仙洞,4
净心谷旅游开发区,3
天洞景区,3
紫林山国家森林公园,5
亚木沟,31
寨沙侗寨,63
云舍村,45
梵净山生态植物园,20
承恩寺,60
施洞苗寨,10
反排苗寨,6
红阳苗寨,7
红阳草场,1
高华村,11
三门塘,1
旧州古镇,22
飞云崖,13
洋码头水库,12
黄平浪洞森林温泉,9
羡塘燕子洞风景名胜区,1
好花红乡村旅游区,1
桔香花海,1
涟江公园,1
好花红村（辉岩寨）,1
苗王城,79
玉舍国家森林公园,34
海坪彝族文化小镇,3
野玉海国际旅游度假区,1
野鸡坪村,1
玉舍森林公园滑雪场,1
隆里古城,61
文斗苗寨,3
龙标书院,1
安龙招堤,24
打凼布依村,1
牂牁江风景名胜区,30
六枝梭嘎长角苗,10
洒洱风景区,3
红云金顶,181
老金顶,96
蘑菇石,123
一线天,68
万米睡佛,15
神仙洞,8
沿河乌江山峡百里画廊,5
兵马俑,9287
西安城墙,6810
陕西历史博物馆,5910
华清宫,4080
大唐芙蓉园,2742
鸣沙山,4700
莫高窟,5318
雅丹国家地质公园,2774
玉门关,1895
阳关,939
塔尔寺,4524
东关清真大寺,1245
丹噶尔古城,529
马步芳公馆,528
青海省博物馆,362
白塔山公园,841
甘肃省博物馆,1285
中山桥,1910
大众巷美食街,212
黄河母亲雕像,1005
拉卜楞寺,1188
扎尕那,646
郎木寺(安多达仓郎木赛赤寺),891
桑科草原,571
尕海湖,610
新疆国际大巴扎,1536
红山公园,616
维吾尔自治区博物馆,665
南山风景区,379
天山大峡谷,288
镇北堡西部影城,1623
水洞沟,683
西夏王陵,941
贺兰山岩画,674
中华回乡文化园,441
张掖丹霞地质公园,4403
马蹄寺,816
张掖大佛寺,620
扁都口生态旅游区,619
平山湖大峡谷,257
那拉提草原,701
喀拉峻草原,399
霍城薰衣草,316
独库公路,290
霍尔果斯口岸,383
嘉峪关关城,1617
悬壁长城,673
长城第一墩,568
魏晋砖壁画墓,121
东湖生态旅游景区,67
鸣沙山,4700
莫高窟,5318
雅丹国家地质公园,2774
玉门关,1895
阳关,939
山西侧壶口瀑布,833
陕西侧壶口瀑布,682
黄帝陵,365
甘泉雨岔大峡谷,219
延安革命纪念馆,235
乾陵,738
汉阳陵,197
袁家村,189
汉阳陵博物馆,97
茂陵,156
喀什噶尔老城,418
艾提尕尔清真寺,389
帕米尔高原,146
牛羊大巴扎,52
香妃墓,276
火焰山,1190
葡萄沟,768
库木塔格沙漠,377
交河故城,609
坎儿井民俗园,556
喀纳斯风景区,581
五彩滩,771
可可托海景区,295
禾木观景台,253
贾登峪森林公园,230
卓尔山,2095
祁连山草原,1664
阿柔大寺,599
大冬树山垭口,717
牛心山,240
石门栈道风景区,202
青木川古镇,163
黎坪国家级森林公园,38
汉中博物馆,80
勉县武侯祠,93
沙坡头旅游区,1331
中卫高庙,277
寺口子风景区,30
鼓楼(中卫),56
黄河宫,10
麦积山石窟,827
伏羲庙,263
武山水帘洞景区,51
南郭寺,113
胡氏古民居(北宅子),77
法门寺,847
太白山国家森林公园,217
青铜器博物馆,128
关山草原,91
红河谷,46
华山,3145
司马迁祠,63
党家村古建筑群,68
韩城古城,26
富平陶艺村,20
沙坡头旅游区,1331
中卫高庙,277
寺口子风景区,30
鼓楼(中卫),56
黄河宫,10
门源百里油菜花海,1327
达坂山,303
岗什卡雪峰,148
青石嘴镇,104
仙米国家森林公园,57
察尔汗盐湖,238
水上雅丹,112
唐古拉山口,348
昆仑山口,232
玉珠峰,85
喀纳斯风景区,581
五彩滩,771
禾木观景台,253
贾登峪森林公园,230
禾木白桦林,171
华山,3145
引凤亭,63
纪念亭,102
华山,11
镇岳宫,29
波浪谷,398
龙州丹霞地貌自然景观区,89
统万城,102
红石峡,159
镇北台,142
哈密雅尔当风景旅游区(魔鬼城),54
鸣沙山,53
巴里坤草原,76
五堡魔鬼城,30
巴里坤湖,39
秦始皇兵马俑博物馆,9287
华清宫,4080
秦始皇陵,2015
骊山,1300
西安秦陵地宫展览馆,601
茶卡盐湖,5942
可鲁克湖-托素湖自然保护区,478
察尔汗盐湖,238
水上雅丹,112
外星人遗址(白公山),346
克拉玛依市魔鬼城景区,719
黑油山,73
乌尔禾胡杨林,41
克拉玛依市白杨河大峡谷,22
独山子,42
可鲁克湖-托素湖自然保护区,478
外星人遗址(白公山),346
尕海湖,163
哈拉湖,92
海子诗歌陈列馆,37
中坝大峡谷,40
瀛湖,78
凤堰古梯田,37
安康香溪洞,55
汉江燕翔洞,26
卓尔山,2095
门源百里油菜花海,1327
祁连山草原,1664
鸟岛（停止营业）,773
环湖西路,680
雷台汉墓,109
天梯山石窟,54
武威文庙,58
罗什寺塔,37
武威雷台公园,50
拉卜楞寺,1188
桑科草原,571
贡唐宝塔,126
甘加草原,66
八角城,58
库车大峡谷,265
库车王府,112
大、小龙池,89
库车老城区,44
库车大寺,79
波浪谷,398
龙州丹霞地貌自然景观区,89
统万城,102
毛乌素沙漠,30
靖边龙州丹霞地貌自然景观区,10
铁门关,72
孔雀河,65
巴州博物馆,36
沙依东香梨园,21
孔雀公园,16
拉脊山,672
贵德国家地质公园(阿什贡七彩峰丛),330
黄河清大桥(贵德黄河大桥),360
贵德古城,118
千姿湖(黄河清湿地公园),148
巴音布鲁克草原,497
塔里木胡杨林公园,118
博斯腾湖风景区,127
罗布人村寨,80
和田沙漠公路,81
索南达杰自然保护站,82
卓乃湖,33
三江源自然保护区,22
文成公主庙,54
嘉那嘛尼石经城,23
库车大峡谷,265
克孜尔千佛洞,102
温宿大峡谷,50
库车王府,112
大、小龙池,89
金丝峡景区,169
牛背梁国家森林公园,75
柞水溶洞,79
塔云山,19
终南山秦楚古道,12
军垦博物馆,68
石河子南山风景区,18
石河子大学,37
周恩来纪念碑馆,21
游憩广场,21
天山天池风景区,771
江布拉克,96
五彩湾,90
五彩城,107
古尔班通古特沙漠,44
崆峒山,236
云崖寺,16
平凉柳湖公园,51
平凉博物馆,14
泾川县王母宫景区,18
司马迁祠,63
党家村古建筑群,68
韩城古城,26
党家村,16
渭南毓秀桥,10
陈炉古镇,44
金锁关,207
薛家寨,22
铜川药王山,47
玉华宫,22
喀赞其民俗村,89
库尔德宁风景区,41
恰西风景区,29
伊犁哈萨克自治州博物馆,10
林则徐纪念馆,19
和田大巴扎,26
和田河,26
玉龙喀什河,21
和田博物馆,11
英尔力克沙漠,15
年保玉则景区,312
仙女湖(希门错),195
鄂陵湖,85
妖女湖,91
阿尼玛卿雪山,56
官鹅沟地质公园,66
万象洞风景名胜区,24
白龙江,37
西狭颂风景区,19
康县阳坝自然风景区,18
喀拉峻草原,399
琼库什台,191
阔克苏大峡谷,64
琼库什台紫花坡,19
琼库什台,5
鄂陵湖,85
黄河源头,52
两湖一碑,33
扎陵湖,46
牛头碑,44
库木塔格沙漠,377
吐峪沟麻扎村,139
鄯善县城,59
库木塔格沙漠,10
吐峪沟景区,6
威远楼,21
天井峡景区,12
定西玉湖公园,12
渭河源头,8
遮阳山自然风景区,9
扎尕那,646
东哇村,84
腊子口,64
业日村,43
达日村,40
隆务寺,76
吾屯下寺,34
热贡画院,16
郭麻日寺,24
吾屯上寺,19
年保玉则景区,312
仙女湖(希门错),195
妖女湖,91
年保玉则主峰,77
下文措(俄错尕玛),25
夏塔旅游区,230
昭苏油菜花,129
阿贡盖提草原石人,54
昭苏天马文化园,13
伊犁昭苏马场,18
互助北山国家森林公园(北山林场),75
互助北山国家森林地质公园,41
互助土族风情游览区,37
十二盘坡,42
扎龙沟,14
茶卡盐湖,5942
漠河盐场,149
金子海,13
茶卡寺,13
哈里哈图国家森林公园,3
甘泉雨岔大峡谷,219
龙嘴,110
克拉玛依市魔鬼城景区,719
乌尔禾胡杨林,41
克拉玛依市白杨河大峡谷,22
艾里克湖,21
乌尔禾魔鬼城,10
杨公塔,71
楼观台国家森林公园,60
沙·沙河 中国第一水街,30
第四纪冰川遗迹,29
小文公庙,61
白鹿原影视城,156
蓝田县水陆庵,26
王顺山,21
汤峪温泉碧水湾,22
蓝田猿人遗址,9
青海湖,4971
黑马河乡,2241
二郎剑景区(151基地),1870
日月山,1331
倒淌河,1324
刘家峡水库,174
炳灵寺石窟,104
松鸣岩国家森林公园,24
大拱北,12
东乡族自治县,10
北石窟寺,22
周祖陵景区,23
窑洞民居,20
黑老锅冰窟,4
南梁革命纪念馆,6
郎木寺(安多达仓郎木赛赤寺),891
尕海湖,610
郎木寺(达仓纳摩格尔底寺),409
纳摩大峡谷,110
则岔石林,53
牛背梁国家森林公园,75
柞水溶洞,79
终南山秦楚古道,12
凤凰镇,24
终南山寨,2
白沙湖,120
五号界碑,106
白哈巴,17
国境线,39
白哈巴,6
青铜峡108塔,105
中华黄河楼,41
黄河坛,4
青铜峡黄河大峡谷,1
京藏高速吴忠黄河大桥,1
山西侧壶口瀑布,833
陕西侧壶口瀑布,682
龙洞,185
孟门山,19
蟒头山,1
黄河石林国家地质公园,142
永泰古城,34
金鱼公园,17
景泰黄河石林,1
法泉寺,3
罗布泊,36
阿尔金山国家自然保护区,17
若羌县楼兰博物馆,17
米兰古城,17
高原沙漠奇观,16
山丹军马场,162
焉支山森林公园,42
张掖市山丹县大佛寺景区,5
新河驿,4
汉明长城遗址,2
安集海大峡谷,47
红山大峡谷,26
奎屯河大峡谷,38
鹿角湾旅游区,24
塔斯特风景区,21
太平国家森林公园,123
朱雀森林公园,35
西安草堂寺,28
金龙峡,12
活死人墓,19
红碱淖,64
二郎山,42
九龙山,4
天台山,1
高家堡古城,2
火石寨国家地质公园,53
须弥山石窟,67
六盘山国家森林公园,34
六盘山长征景区,29
固原博物馆,12
中坝大峡谷,40
汉江燕翔洞,26
后柳镇,24
子午银滩,11
崇文塔,12
《梦回大秦》穿越体验馆,11
安吴青年训练班纪念馆,4
郑国渠旅游风景区,2
乐华城•88℃温泉乐园,2
玛曲黄河第一弯,229
玛曲草原,55
玛曲县,16
阿旺苍,11
贡赛尔喀木道湿地景区,6
赛里木湖,1201
阿拉山口口岸,17
艾比湖自然保护区,10
夏尔西里,5
精河生态园,6
塔里木胡杨林公园,118
轮台县沙漠公园,34
塔里木河,54
塔里木沙漠公路,3
塔里木胡杨林公园,2
塔尔寺,4524
拉鸡山,34
观景台,46
青海藏文化馆,25
湟中蚂蚁沟水库,12
鸟岛（停止营业）,773
环湖西路,680
仙女湾景区,78
刚察草原,87
青海湖南山,49
金塔胡杨林,88
东风航天城,53
金塔沙漠森林公园,24
金塔寺,7
金鼎湖景区,2
沙湖,682
沙湖,33
贺兰山,29
大漠丝路奇观景区,15
星海湖,13
安集海大峡谷,47
鹿角湾旅游区,24
东大塘风景区,8
玛河观音沟,3
紫泥泉镇,8
华阳古镇,37
洋县油菜花,39
朱鹮梨园景区,25
华阳景区,15
蔡伦墓,12
那拉提草原,701
杏花沟野杏林,44
那拉提大草原,66
空中草原,37
巩乃斯国家森林公园,42
李家峡水库(坎布拉湖),244
互助北山国家森林公园(北山林场),75
丹霞十八峰(小瑶池),74
瞿昙寺,32
互助北山国家森林地质公园,41
青铜峡108塔,105
中华黄河楼,41
同心清真大寺,13
黄河坛,4
哈巴湖生态景观旅游区,1
坎布拉国家森林公园,610
隆务寺,76
吾屯下寺,34
热贡画院,16
郭麻日寺,24
拔仙台,105
青峰峡森林公园,21
黄柏塬,30
上板寺,43
大箭沟景区,5
火石寨国家地质公园,53
党家岔堰塞湖,9
将台堡,7
葫芦河,1
佛坪国家级自然保护区,16
佛坪熊猫谷,2
法门寺,847
西部兰花生态园,2
东方大佛宫,1
禅定寺,17
甘肃大峪国家森林公园,11
旗布林卡度假公园,12
尼巴百年藏寨,8
洮砚乡,2
五家渠郁金香节,22
青格达湖旅游区,18
青湖御园生态旅游度假区,9
郁金香基地,4
霍城薰衣草,316
果子沟,315
惠远古城,85
中华福寿山,15
图开沙漠,14
骊靬古城,21
永昌北海子公园,1
金水湖,2
茂陵,156
马嵬驿,63
茂陵博物馆,106
霍去病陵园,52
兴平唐杨贵妃墓,23
巴音布鲁克草原,497
库尔勒,54
开都河,22
巩乃斯沟乡,8
铁力买提达坂,1
潼关古城,8
潼关黄河风景区,3
博罗转井,77
苏干湖,14
当金山,3
大苏干湖自然保护区,1
石油小镇,21
泥火山,11
独山子大峡谷,11
紫柏山景区,38
张良庙,33
李自成行宫,47
姜氏庄园,29
杨家沟革命纪念馆,11
万佛洞,7
高西沟生态园,1
凤堰古梯田,37
仓颉墓与仓颉庙,4
白水仓颉庙,1
林皋湖风景区,1
袁家村,189
昭陵,88
袁家村,69
昭陵博物馆,22
唐家民俗博物馆,5
坎布拉国家森林公园,610
乾坤湾,58
梁家河村,10
会峰寨,5
文安驿古镇,4
延安民俗文化村,8
青木川古镇,163
飞凤桥,8
阳平关,6
沙苑腹地,3
同州里景区,2
岱祠楼,3
青海湖,4971
黑马河乡,2241
二郎剑景区(151基地),1870
日月山,1331
倒淌河,1324
香炉寺,83
陕西白云山,36
白云观,6
木垒胡杨林,36
木垒鸣沙山,31
慈荫庵,1
丹噶尔古城,529
赞普林卡景区,68
日月亭,101
湟源峡,13
古道博物馆,1
马蹄寺,816
冰沟丹霞景区,567
祁连山,439
八一冰川,164
七一冰川,236
勉县武侯祠,93
武侯墓,56
汉中石门风景区,12
诸葛古镇,22
马超墓,16
黎坪国家级森林公园,38
南湖,66
汉山风景区,20
红寺湖,19
陈家村水库,7
达坂城风力发电站,477
新疆盐湖,168
达坂城古镇,169
柴窝堡大盐湖,61
达坂城风力发电站,55
金丝峡景区,169
白龙峡漂流景区,4
黑龙峡,1
白龙湖,1
老君山旅游风景区,3
扁都口生态旅游区,619
民乐童子寺,2
阿拉尔塔里木河大桥,13
塔里木大学,11
水洞沟,683
宁夏长城遗址,24
银川军事博览,4
灵武市西湖公园,2
大爷海,141
红河谷,46
天圆地方,76
太白积雪,90
大文公庙,44
大佛寺,24
侍郎湖生态旅游景区,2
消灾寺,16
通天河国家森林公园,12
灵官峡,13
凤县紫柏山,3
凤凰湖景区,1
魔王沟瀑布观瀑品茗,2
宝鸡凤翔东湖,18
宝鸡先秦陵园博物馆,6
张掖丹霞地质公园,4403
张掖七彩丹霞,100
张掖丹霞国家地质公园,23
七彩月色街,39
黑河烟林景区,7
天书峡,9
正阳草原,1
沙湖,682
沙湖,33
贺兰山,29
大漠丝路奇观景区,15
尼罗河风景区,4
天山天池风景区,771
天山天池,13
石人沟,20
五江天山温泉,1
天山冰湖葡萄酒庄,5
丹江漂流景区,18
丹凤凤冠山石窟,4
棣花古镇,2
吐鲁沟,36
猪驮山风景区,15
永登苦水(玫瑰之乡),24
杏花村丹霞地貌,5
吐鲁沟国家森林公园,1
玛纳斯河大峡谷,18
新疆101省道,5
玛纳斯县红坑村,5
吴堡古城,6
罗布人村寨,80
罗布泊雅丹大峡谷,17
塔里木河,19
罗布泊人村寨,5
罗布人村寨,1
骆驼城遗址,13
工农红军西路军纪念馆,8
高台县博物馆,1
骆驼城墓群,1
大湖湾,1
瞿昙寺,32
盘吉尔怪石林,1
克尔碱旅游区,6
托克逊雅丹地貌,1
乌伦古湖(额尔齐斯河),58
福海海滨,10
福海县海上魔鬼城,5
巍山民俗博物馆(梁大小姐宅）,9
五彩湾,90
五彩城,107
古尔班通古特沙漠,44
五彩湾古海温泉,15
火烧山,21
海寺花海,4
都兰贝壳梁,5
诺木洪农场,5
都兰热水古墓群,4
香日德,2
天池,8
碧口古镇,2
官鹅沟地质公园,66
旗布寺,3
威远楼,21
陇西古莱坞华盛欢乐世界,2
陇西李氏龙宫,9
陇西古莱坞文化旅游度假区,1
红崖山水库,9
午子山,21
樱桃沟,20
骆家坝古镇,5
南宫山,34
神田草原,12
安康市岚皋县南宫山国家森林公园,13
洽川风景区,25
处女泉温泉景区,25
黄河魂生态游览区,14
黄河湿地景区,5
阿曼尼莎汗纪念陵,7
叶尔羌汗国王陵,6
莎车王墓,9
孟达天池,32
孟达黄河桥,2
天井峡景区,12
渭河源头,8
渭源县灞陵桥公园,4
太白山,1
首阳山景区,2
哈巴湖生态景观旅游区,1
古长城,1
野核桃沟自然保护区,10
恰西森林公园,4
钱币博物馆,4
泾渭上河苑,1
高陵博物馆,1
奇石博物馆,1
水景公园,1
蜀河镇,10
太极城旅游观景区,1
洛川黄土国家地质公园,6
洛川会议纪念馆,7
阿克苏天山神木园,36
神木园,11
托木尔峰自然保护区,9
温宿大峡谷,1
独库公路,290
唐布拉草原,100
乔尔玛,27
乔尔玛革命烈士陵园,41
唐布拉国家森林公园,13
温宿大峡谷,50
多浪公园,10
阿克苏双龙池,2
胡杨公园,7
阿克苏河地区湿地,1
安塞县文化文物馆,6
和田沙漠公路,81
且末古城,1
尼牙孜庄园,1
双龙石窟,4
宜君梯田,1
福地湖,4
南山风景区,379
天山大峡谷,288
一号冰川,102
亚洲地理中心,100
菊花台,33
慕士塔格峰,166
白沙山和流沙河,130
喀拉库勒湖,89
卡拉库里湖,86
公格尔九别峰,21
精河生态园,6
赵充国陵园,2
河滨公园,16
府谷老城,2
五虎山,3
尕尔寺,5
乃嘉玛神山,2
达那寺,4
藏娘古塔,2
汉云陵,2
仲山森林公园,2
康县阳坝自然风景区,18
大堡子山秦公墓地,1
沙岛(停止营业),462
原子城,497
青海湖金沙湾自然风景区,200
金银滩草原,661
环湖东路,276
贺兰山岩画,674
拜寺口双塔,43
中国枸杞馆,2
银川韩美林艺术馆,2
宁夏园艺产业园,3
德隆空性离戏大法寺,4
查朗寺,1
西狭颂风景区,19
鸡峰山,16
杜公祠景区,4
阿图什天门,12
阿图什大峡谷,3
阿图什骑仕大观园,1
阿图什天门景区,1
尼雅遗址,6
鱼湖,1
塔克拉玛干沙漠,81
塔克拉玛干大沙漠,45
塔里木盆地,9
昆仑火山群,6
达里亚博依(大河沿),2
骊靬古城,21
永昌北海子公园,1
泾川县王母宫景区,18
泾川大云寺博物馆,2
南石窟寺,1
克孜尔千佛洞,102
拜城魔鬼城,15
盐水沟关垒遗址,13
察尔其雅丹地貌,6
盐水沟,1
香山溶洞,2
陇南银杏村,5
三滩景区,5
路遥纪念馆,5
甘谷大像山,43
大地湾遗址,4
黑泉水库,332
大通河,102
大坂山隧道,54
大通老爷山,45
大通鹞子沟景区,17
伊犁河,286
伊昭公路,88
白石峰,16
锡伯民俗风情园,6
察布查尔靖远寺,2
托里生态园,2
金沙滩,32
马兰烈士陵园,2
马兰红山军博园,1
徽县三滩风景区,1
月亮峡,7
什川世外梨园,26
天斧砂宫,22
法泉寺,3
刀郎展览馆,4
刀郎画乡,4
多浪羊繁育基地,2
刀郎舞乡,1
马栏革命旧址,4
秦咸阳城遗址,3
相思湖,5
锡克沁千佛洞,2
同心清真大寺,13
沙雅县胡杨林自然公园,19
博孜墩,4
遮阳山自然风景区,9
贵清山风景区,9
黄土地窑洞生态度假庄园,3
昭仁寺,2
七里寺避暑山庄,2
喀什地区泽普县金湖杨国家森林公园,27
千湖国家湿地公园,3
刘家峡水库,174
钟山石窟,11
瓦窑堡革命旧址,21
透明梦柯冰川,39
李家峡水库(坎布拉湖),244
丹霞十八峰(小瑶池),74
夏琼寺,21
隆务黄河特大桥,14
阿琼南宗寺,7
索南达杰自然保护站,82
卓乃湖,33
五道梁,13
格尔木昆仑旅游区,3
库赛湖地区湿地,1
古动物化石博物馆,4
九眼泉湖,1
松鸣岩国家森林公园,24
达瓦昆沙漠旅游风景区,43
千年柳树王,1
周祖陵景区,23
庆阳周祖陵森林公园,5
九彩坪拱北,2
六盘山国家森林公园,34
野荷谷,6
三关口明长城,1
三国古战场遗址街亭,1
盖孜河,4
卡拉库里湖,85
叶尔羌河,11
塔吉克牧民村落,13
穆罕默德•喀什噶里墓,8
刀郎部落,4
塔里木祥龙湖风景区,1
麦秀林场,10
和日寺,4
陇东古石刻艺术博物馆,1
古灵台,1
青海洮河源国家湿地公园,1
乌什县燕子山公园,2
白沙滩景区,17
柯坪文化广场,1
热瓦克佛寺遗址,3
六盘山长征景区,29
和田河,26
玉龙喀什河,21
英尔力克沙漠,15
核桃王树,2
杰桑·索南达杰烈士纪念碑,11
玉树黄河源,11
可可西里自然保护区不冻泉,2
茹河瀑布,1
买力克阿瓦提故城,1
八大关景区,4751
栈桥,4924
青岛天主教堂,2674
青岛五四广场,3063
青岛崂山风景区,2466
趵突泉景区,3159
大明湖,2796
黑虎泉,994
济南千佛山风景名胜区,848
济南泉城广场,1580
泰山,2098
天外村,277
望人松,228
桃花峪,87
彩石溪,57
刘公岛,979
威海国际海水浴场,599
乳山银滩旅游度假区,294
赤山风景区,155
西霞口风景区,102
蓬莱阁风景区,1545
长岛,603
养马岛,310
烟台山公园,438
烟台金沙滩,224
万平口海滨风景区,748
吴家台村,206
日照灯塔风景区,450
任家台民俗旅游度假村,169
五莲山风景区,83
泰山,2098
泰安岱庙,779
泰山方特欢乐世界,120
天外村,277
望人松,228
九丈崖,745
月牙湾公园,897
林海公园,219
车由岛,203
烽山公园,96
蓬莱阁风景区,1545
八仙过海景区,420
三仙山,232
万鸟岛,75
蓬莱海洋极地世界,54
孔庙,831
孔府,627
孔林,591
明故城,151
孔子六艺城,92
青州博物馆,98
黄花溪,74
十笏园,98
风筝博物馆,163
青州云门山,73
山东地下大峡谷,172
蒙山国家森林公园,128
竹泉村旅游度假区,94
王羲之故居,73
平邑蒙山龟蒙景区,63
台儿庄古城,483
运河湿地公园,33
李宗仁史料馆,35
台儿庄战史陈列馆,29
双龙湖湿地观鸟园,4
周村古商城,296
鲁山国家森林公园,62
原山国家森林公园,43
周村烧饼博物馆,119
潭溪山,31
青岛崂山风景区,2466
石老人海滨浴场,1202
仰口风景游览区,595
青岛海昌极地海洋公园,347
北九水风景区,55
孔庙,831
孔府,627
孔林,591
明故城,151
孟府-孟庙,52
台儿庄古城,483
微山湖湿地红荷风景区,152
抱犊崮国家森林公园,33
运河湿地公园,33
冠世榴园,47
黄河入海口湿地公园,150
黄河口生态旅游区,118
黄河大桥,33
东营清风湖,32
东营黄河三角洲,14
泉城海洋极地世界,20
德州新湖,58
德州太阳谷景区,29
苏禄王墓,19
海岛金山寺,18
东昌湖,133
光岳楼,77
山陕会馆,59
景阳冈旅游区,26
狮子楼旅游区,22
青州博物馆,98
黄花溪,74
青州云门山,73
昭德古街,39
潍坊范公亭公园,45
金沙滩,1749
银沙滩景区海水浴场,174
灵山岛,66
青岛唐岛湾,71
青岛森林野生动物世界,34
曹州牡丹园,111
百花园,20
水浒好汉城,20
曹州牡丹精品园,10
冀鲁豫边区纪念馆,12
赤山风景区,155
西霞口风景区,102
烟墩角,123
荣成烟墩角旅游特色村,53
鸡鸣岛,29
雪野湖,68
红石公园,40
莱芜雪野农博园,17
房干景区,20
雪野三峡,24
魏氏庄园,28
邹平鹤伴山,14
孙子兵法城,24
中海航母,33
古贝壳堤,10
南山风景区,116
南山旅游区,30
烟台桑岛,17
南山大佛,17
东海景区,11
招虎山国家森林公园,28
海阳国际沙雕艺术公园,21
海阳丛麻禅院,5
碧桂园十里金滩,1
海阳市云顶自然风景旅游区,6
周村古商城,296
周村烧饼博物馆,119
大染坊,83
状元府,18
魁星阁,20
山东地下大峡谷,172
天然地下画廊,58
天上王城景区,52
雪山彩虹谷,59
临沂沂水地下萤光湖,48
凤凰公园,20
莫言文学馆,14
南湖植物园,14
莫言旧居,9
红高粱影视基地,2
城阳世纪公园,16
宝龙乐园,12
红岛休闲渔村接待中心,4
长岛赶海园,1
法海寺,1
田横岛,21
即墨鹤山,14
青岛青峰毛公山,5
即墨古城,4
马山石林,7
微山湖湿地红荷风景区,152
墨子纪念馆,16
莲青山风景区,18
红荷湿地,12
龙泉塔,11
牟氏庄园,87
天崮山旅游风景区,14
栖霞太虚宫,12
牙山国家森林公园,2
莱州大基山,19
三山岛黄金海岸,13
云峰山,10
三山岛村,8
毛纪墓,1
孟府-孟庙,52
峄山,34
明鲁荒王陵,7
邹城博物馆,9
唐王湖公园,4
百脉泉公园,140
朱家峪村,44
济南章丘紫缘香草园,30
济南植物园,66
墨泉,60
水浒影视城,26
东平湖聚义岛,7
泰山皮影,8
泰安戴村坝,8
东平白佛山,7
沂山,35
石门坊,48
潍坊临朐老龙湾,28
潍坊临朐嵩山,10
沂山东镇庙,5
天马岛,22
临沂莒南八路军115师司令部旧址,6
卧佛寺公园,7
胶州三里河公园,7
艾山风景名胜区,8
高凤翰纪念馆,5
东石,1
黄埠岭,1
诸城恐龙博物馆,24
山东诸城恐龙国家地质公园,2
龙塔,5
蒙山国家森林公园,128
孟良崮战役遗址景区,28
蒙阴地下银河,26
蒙山九龙潭,4
刘洪文化园海浪谷,4
南阳镇,11
铁道游击队纪念园,2
济宁市小北湖,6
微山湖文化园,2
微山湖湿地博物馆,2
无染寺,19
文登南海公园,20
泰礴顶,15
威海汤泊温泉度假村,17
圣经山,6
寿光林海生态博览园,14
洰淀湖,4
弥河风景区,2
洰淀湖,2
水泊梁山风景区,51
梁山寨,6
新泰莲花山,21
清音公园,3
沂源溶洞,16
沂源九天洞,9
沂源灵芝洞景区,1
沂源鲁山溶洞群风景区,4
牛郎织女景区,4
水浒好汉城,20
郓城观音寺塔,10
淘金小镇,9
中国黄金实景博览苑,7
罗山国家森林公园,6
罗山黄金文化旅游区,3
大唐金汤园,3
浮龙湖,1
千山公园,1
大泽山风景名胜区,21
茶山风景区,10
山东省青岛市茶山风景区,5
平度茶山,6
龙湾,2
五莲山风景区,83
大青山风景区,23
马耳山,7
日照大青山,4
李崮寨,3
竹泉村旅游度假区,94
智圣汤泉度假村,22
孟良崮森林公园,22
沂蒙红色影视基地,11
红石寨旅游度假区,6
莱阳濯村樱花小镇,1
浮来山风景区,40
定林寺,15
莒县博物馆,2
日照太阳山生态旅游度假区,2
鲁山国家森林公园,62
原山国家森林公园,43
开元溶洞,24
樵岭前博山溶洞,44
淄博博山风景名胜区,12
邹平鹤伴山,14
樱花山风景区,1
梁漱溟墓,2
范公祠,1
灵岩寺,135
济南国际园博园,46
五峰山,23
辟支塔,11
大峰山齐长城,6
露德圣母堂,5
圣母山教堂,3
洪范池,5
大寨山,2
胡庄天主教堂,1
汶上宝相寺,20
分水龙王庙,2
中都博物馆,2
景阳冈旅游区,26
狮子楼旅游区,22
青云山民俗游乐园,25
景芝酒之城,6
青云湖游乐园,1
齐鲁酒地,3
海岛金山寺,18
鱼邱湖,4
彩虹桥,19
孙武祠,13
东营历史博物馆,9
巨野金山景区,3
黄河入海口湿地公园,150
黄河口生态旅游区,118
东营天鹅湖,18
黄河华滩万亩葵园,3
陶园农业生态园,2
西湖公园,3
牛山森林公园,4
云蒙山风景区,1
魏氏庄园,28
孙子兵法城,24
滨州武圣园,10
魏集古村落,4
魏集地主庄园,8
武氏墓群石刻博物馆,1
杏花村,1
东阿阿胶养生文化苑•东阿药王山,8
曹植墓,1
中国阿胶博物馆,5
阿井亭,2
文博苑,6
棂星门,1
东方朔墓,5
秦汉墓群,2
东方朔公园,1
金牛湖景区,3
养马岛,310
昆嵛山,64
獐岛,1
九龙池,7
长岛黄渤海分界线,3
羊山古镇国际军事旅游度假区,2
鲁西南战役纪念馆,1
纯化镇,3
千佛塔,8
夏津黄河故道森林公园,10
孙膑旅游城,11
苍马山国际旅游度假区,6
羊山古镇国际军事旅游度假区,2
鲁西南战役纪念馆,1
纯化镇,3
千佛塔,8
夏津黄河故道森林公园,10
孙膑旅游城,11
苍马山国际旅游度假区,6
乐陵万亩枣林游览区,7
碧霞元君故居景区,3
碧霞湖生态观光园,2
昌邑绿博园,8
天沐江北水城温泉度假村,9
黄河大桥,33
沾化冬枣采摘基地,5
滨州沾化冬枣生态旅游区,2
抱犊崮国家森林公园,33
熊耳山国家地质公园,14
枣庄熊耳山,7
翼云石头部落,3
岩马水库,6
大汶河明石桥,1
平遥古城,2624
乔家大院,844
双林寺,277
镇国寺,71
北门城楼,291
晋祠景区,1376
山西博物院,742
蒙山大佛,220
食品街,164
永祚寺,268
云冈石窟,1617
恒山,909
华严寺,523
大同古城墙,438
大同土林,208
平遥古城,2624
王家大院,838
乔家大院,844
绵山景区,382
张壁古堡,225
黄河壶口瀑布国家地质公园,251
尧庙,101
大槐树寻根祭祖园,157
广胜寺,55
小西天,23
五台山,463
雁门关,142
芦芽山风景名胜区,122
老牛湾,80
万年冰洞国家地质公园,105
皇城相府,308
王莽岭,141
八里沟景区,193
锡崖沟,51
珏山,46
解州关帝庙,152
运城盐湖(中国死海),157
普救寺,144
鹳雀楼景区,144
运城永乐宫,68
恒山,909
恒山水库,23
北岳庙,14
真武庙,1
红豆峡(太行山大峡谷),88
壶关太行山大峡谷自然风光旅游区,45
挂壁公路,30
青龙峡(太行山大峡谷),40
阱底村,13
绵山景区,382
张壁古堡,225
栖贤谷,112
云峰寺,76
绵山天桥,118
五台山,463
佛光寺,61
台怀镇,207
镇海寺,89
南禅寺,40
李家山村,176
碛口古镇,171
黑龙庙,111
西湾村,85
黄河画廊(黄河百里水蚀浮雕),59
娘子关风景区,72
藏山风景区,56
阳泉固关长城,19
翠枫山自然风景区,17
大汖村,15
应县木塔,394
释迦木塔,31
朔州崇福寺,23
杀虎口长城,21
应县佛宫寺,13
芦芽山风景名胜区,122
万年冰洞国家地质公园,105
悬崖栈道,18
马仑草原,24
悬棺,23
常家庄园,182
榆次老城,181
乌金山国家森林公园,38
榆次城隍庙,24
榆次县衙,12
普救寺,144
鹳雀楼景区,144
神潭大峡谷,72
五老峰,56
黄河大铁牛,52
恒山,909
永安寺,18
恒山水库,23
北岳庙,14
圆觉寺砖塔,12
王家大院,838
红崖大峡谷景区,15
山西石膏山风景名胜区,8
资寿寺,5
后沟古村,5
皇城相府,308
阳城蟒河景区,37
郭峪村,22
山西阳城天官王府旅游景区,12
九女仙湖,30
乔家大院,844
渠家大院,49
昭馀古城,20
祁县古城,1
应县木塔,394
释迦木塔,31
应县佛宫寺,13
朔州净土寺,1
龙潭湖,3
阱底村,13
黑龙潭景区(太行山大峡谷),13
神龙湾生态民俗度假村,13
天脊山省级地质公园,12
平顺大云院,5
大槐树寻根祭祖园,157
广胜寺,55
飞虹塔,22
洪洞明代监狱,33
水神庙,8
老牛湾,80
万家寨,10
寺沟渡口,1
王莽岭,141
八里沟景区,193
锡崖沟,51
双底村,21
凤凰欢乐谷,14
李家山村,176
碛口古镇,171
黑龙庙,111
西湾村,85
黄河画廊(黄河百里水蚀浮雕),59
曹家大院,25
孔祥熙宅院,15
无边寺,8
晋中太谷县白塔,8
山西农业大学,1
雁门关,142
阿育王塔,10
白草口长城,4
代州文庙,2
代县边靖楼,1
北武当山,24
红豆峡(太行山大峡谷),88
壶关太行山大峡谷自然风光旅游区,45
挂壁公路,30
青龙峡(太行山大峡谷),40
八泉峡,4
运城永乐宫,68
风陵渡,34
永乐宫,23
中条山,12
大禹渡景区,5
庞泉沟自然保护区,20
卦山,27
玄中寺,12
南阳沟亚高山草甸旅游区,5
青龙古镇,32
不二寺,2
湘峪古堡,5
柳氏民居,7
山西沁水历山国家森林公园,2
赵树理故居,4
窦庄村,3
开化寺,4
定林寺,3
羊头山石窟,3
高平羊头山炎帝文化旅游区,4
长平之战遗址,4
八路军太行纪念馆,18
八路军文化园,12
山西八路军游击战体验园,20
太行龙洞,1
板山,1
庞泉沟,32
刘胡兰纪念馆,12
白马仙洞,4
安国寺,5
华国锋陵园,9
汾酒文化景区,24
文峰塔,9
汾酒博物馆,5
汾阳市烈士陵园,3
太符观,1
七里峪风景区,12
霍州署,23
陶唐峪景区,20
霍州古楼,15
陶唐峪,7
彭真故居,5
娘子关风景区,72
阳泉固关长城,19
娘子关瀑布,22
平阳湖,11
娘子关景区,4
云丘山旅游风景区,24
阎锡山旧居,9
凤凰山景区,1
西河头地道战纪念馆,1
金鼎文化广场,2
珏山,46
青莲寺,19
府城玉皇庙,6
丹河大桥,6
山里泉旅游区,3
黄河晋陕大峡谷,4
西口古渡,8
忻州娘娘滩,5
石径禅院,1
晋国博物馆,2
磨盘岭农业观光园区-水上乐园,1
感应寺砖塔,1
龙兴寺,8
隋代花园绛州大堂,6
文庙,4
绛守居园池,2
新绛县龙泉村,2
小西天,23
千佛庵,2
九龙公园,2
青龙寺,11
店头古村,21
新绛天主教堂,8
段氏宋金墓,6
马村砖雕墓,3
怀仁县金沙滩生态旅游区,7
龙泉国家森林公园,2
曙光钱币博物馆,1
神池国家登山步道,3
云顶山,18
堆云洞,5
灵空山,1
运城李家大院,38
舜帝陵,38
黄河古渡,1
紫团山(太行山大峡谷),5
黄河太极湾,14
原起寺,3
紫云寺,1
绛北大峡谷,1
紫云寺,1
历山,15
旧广武古城,12
广武明长城,3
极乐寺,3
水神堂,2
广灵剪纸艺术博物馆,3
荷叶坪旅游区,1
仙堂山,7
东台望海峰,171
北台叶斗峰,130
中台翠岩峰,84
望海寺,49
西台挂月峰,67
勍香镇它支村,2
师家沟,4
司马光祠,20
瑶台汤泉,1
东岳庙,1
张家界国家森林公园,3010
张家界天门山景区,1310
张家界黄龙洞,727
张家界大峡谷,242
武陵源风景区,441
橘子洲,3358
岳麓山风景名胜区,1701
火宫殿(坡子街总店),2257
湖南省博物馆,638
太平街,1376
凤凰古城,5368
芙蓉镇,307
矮寨大桥,276
德夯苗寨,205
苗人谷景区,253
南天门索道(暂停营业),163
麻姑仙境,49
回雁峰,23
禹王城,18
衡山古城,13
东江湖风景旅游区,2745
高椅岭风景区,2134
莽山国家森林公园,1233
仰天湖草原风景区,1388
回龙山,1434
南岳衡山,790
南岳大庙,321
衡山国家重点风景名胜区,177
石鼓书院,94
衡阳西湖公园,50
岳阳楼,737
玻璃桥景区石牛寨,158
岳阳楼洞庭湖风景区,289
岳阳楼公园,195
巴陵广场,150
韶山毛泽东故居,719
滴水洞风景区,206
毛主席铜像,261
韶山风景区,19
韶峰景区,35
株洲方特欢乐世界,165
炎帝广场,120
神农公园,76
湖南神农谷,31
炎帝陵,28
黔阳古城,78
洪江古商城,168
芷江龙津风雨桥,101
芷江受降纪念坊,77
地笋苗寨,23
韶山毛泽东故居,719
滴水洞风景区,206
湘潭大学,82
毛主席铜像,261
韶山风景区,19
常德桃花源国家森林公园,74
柳叶湖旅游度假区,89
常德诗墙,100
壶瓶山,16
花岩溪国家森林公园,31
矮寨大桥,276
德夯苗寨,205
德夯大峡谷,62
乾州古城,114
天问台,60
崀山风景名胜区,152
八角寨景区,57
南山风景名胜区,47
罗溪国家森林公园,11
天一巷景区,24
玻璃桥景区石牛寨,158
纯溪小镇,30
杜甫墓,16
平江起义纪念馆,10
幕阜山森林公园,15
上甘棠村,44
九嶷山,22
柳子庙,52
江永千家峒,13
阳明山,31
张家界国家森林公园,3010
武陵源风景区,441
水绕(4门),113
西海,84
金鸡报晓,101
紫鹊界梯田,61
湄江风景区,50
曾国藩故居,37
梅山龙宫,37
湄江国家地质公园,23
洞庭湖,292
安化茶马古道风景区,27
桃花江竹海景区,27
周立波故居,30
白鹿寺,18
东江湖风景旅游区,2745
回龙山,1434
观雾栈道,545
黄草镇金牛岛,329
沿江公园,135
南岳衡山,790
衡山国家重点风景名胜区,177
南岳衡山风景名胜区,19
半山亭,149
水濂洞景区,30
大围山国家森林公园,98
周洛大峡谷,33
道吾山风景名胜区,14
胡耀邦故居,19
浏阳石牛寨风景区,8
黔阳古城,78
洪江古商城,168
芙蓉楼,40
沅江,29
洪江古建筑群,20
南岳大庙,321
望日台,8
锡岩仙洞,7
浔龙河生态艺术小镇,10
杨开慧纪念馆,26
徐特立公园,25
新江马术俱乐部,3
艺林画廊,1
宁乡炭河古城,132
花明楼,148
宁乡千佛洞,17
刘少奇故居,23
密印寺,20
湖南九龙江国家森林公园,84
汝城温泉文化园,77
飞水寨景区,44
湖南万时山,22
天仙风景区,10
万佛山,26
皇都侗寨,21
芋头侗寨古建筑群,21
怀化万佛山地质公园,7
通道皇都侗民族文化村,2
芷江龙津风雨桥,101
芷江受降纪念坊,77
抗日受降纪念馆,56
三道坑景区,13
侗文化城,26
屈子祠,58
汨罗江,43
任弼时故居,11
屈原墓,13
神鼎山庄,5
靖港古镇,357
湘江,307
黑麋峰森林公园,50
洋湖湿地公园,68
雷锋纪念馆,56
紫鹊界梯田,61
梅山龙宫,37
大熊山国家森林公园,21
三联峒冰泉景区,2
石丰梯田,4
常德桃花源国家森林公园,74
夷望溪,10
桃源山,7
河洑快乐谷,14
桃花源古镇,2
上甘棠村,44
江永千家峒,13
江永女书生态博物馆,10
兰溪勾蓝瑶寨,4
大泊水瀑布,8
崀山风景名胜区,152
八角寨景区,57
天一巷景区,24
辣椒峰,22
骆驼峰,13
莽山国家森林公园,1233
莽山国家森林公园,47
猛坑石,13
莽山森林温泉,6
天台山景区,8
安化茶马古道风景区,27
龙泉洞,9
中国黑茶博物馆,5
青云洞,5
秦汉桃源村,4
芙蓉镇,307
猛洞河漂流,89
老司城,16
土司王行宫,8
五里石板街,1
湖南神农谷,31
炎帝陵,28
酃峰,13
南风面,3
韭菜岭,13
向警予故居,14
思蒙湿地公园,1
溆浦枫香瑶寨,2
雁鹅界古村落,1
穿岩山国家森林公园,2
浪石村,7
云山国家森林公园,6
宣风楼,4
王城公园,3
法相岩,2
香草源,1
九龙井原始生态园,1
涔天河水库,1
盘王殿,5
豸山寺,2
蔡伦竹海,30
蔡伦纪念园,1
杜甫公园,1
隆回魏源故居,12
虎形山,8
荷香桥古镇,7
魏源温泉,3
边城,98
翠翠岛,14
矮寨奇观旅游区,9
茶峒,8
大龙洞风景区,8
红石林国家地质公园,44
坐龙峡风景区,33
墨戎苗寨长龙宴,2
栖凤湖,1
南山风景名胜区,47
南山牧场,4
张家界大峡谷,242
龙王洞,16
五雷山,12
张家界朝阳地缝,3
张家界大峡谷,2
归阳状元桥,6
曾国藩故居,37
曾国藩故居,1
白玉堂景区,4
二酉山,14
沅陵凤凰山森林公园,8
凤滩水力发电厂,6
沅陵五强溪水库,3
龙兴讲寺,7
阳山古村,46
扶苍山(花山脑),6
湄江风景区,50
湄江国家地质公园,23
涟源市第一中学,5
酒埠江旅游区,17
皮佳洞仙境乐园(暗河漂流),8
白龙洞,6
仙人桥大峡谷,1
九嶷山,22
湖南宁远县文庙,20
九嶷山国家森林公园,15
紫霞岩,5
玉琯岩,2
地笋苗寨,23
排牙山,4
飞山,6
岩脚侗寨,3
乌龙山风景区,36
里耶古镇,10
里耶古城遗址,16
里耶秦简博物馆,7
洗车河,2
彭德怀故居,27
湖南科技大学,25
窑湾老街,5
湖南水府旅游区,6
衡山古城,13
洞庭湖,292
沅江胭脂湖旅游区,8
板梁古村,593
便江风景区,79
中国白银第一坊,79
安陵书院,66
高椅古村,43
城头山古文化遗址,13
云阳山景区,24
茶陵古城墙,11
茶陵县工农兵政府旧址,11
东门塔,2
舜皇岩,14
舜皇山森林公园,2
新邵白水洞旅游区,38
白云岩景区,4
白云岩风景区,3
黄岩旅游度假区,8
荆坪古村,2
阳明山,31
阳明山国家森林公园,19
桐子坳村,12
浯溪碑林,20
李家大院,3
浯溪公园,3
罗文花海涂鸦村,1
德昌公园,2
桃花江竹海景区,27
老屋场,206
百丈峡,33
茅岩河九天洞景区,6
贺龙故居,25
东林庵,4
東林庵,2
小溪,12
浦市古镇,3
湖南西洞庭湖湿地公园,12
五尖山国家森林公园,19
6501地下军事工程,10
福寿山,14
江南大漠,11
稻田公园,14
湖南龙家大院,2
武汉大学,3498
户部巷小吃一条街,4224
武汉东湖,2052
昙华林,1878
武汉长江大桥,3153
恩施大峡谷,663
恩施土司城,403
腾龙洞,298
恩施土家女儿城,210
鹿院坪,87
神农顶风景区,423
神农祭坛,140
神农架国家地质公园官门山景区,103
木鱼镇,91
天燕景区,67
三峡人家风景区,544
清江画廊,326
三峡观坝风景区,541
三峡大坝,429
三峡大瀑布,154
古隆中,309
襄阳唐城影视基地,63
襄阳古城墙,226
襄阳城,128
米公祠,81
三国赤壁古战场,137
九宫山,85
隐水洞地质公园,78
羊楼洞,19
潜山国家森林公园,42
金殿(金顶),530
武当山,271
太子坡,230
紫霄宫,289
南岩宫,210
荆州古城,300
荆州博物馆,174
洈水风景区,26
张居正故居,73
荆州古城墙,158
仙岛湖,35
黄石国家矿山公园,51
磁湖风景区,74
东方山,43
小雷山,18
麻城龟峰山风景区,100
罗田天堂寨,74
黄州东坡赤壁景区,79
湖北大别山主峰风景区,30
黄梅五祖寺,32
木兰天池,245
武汉木兰草原,51
木兰山,73
武汉木兰云雾山景区,67
锦里沟,47
大洪山风景名胜区,64
中国千年银杏谷,45
随州炎帝神农故里风景区,41
曾侯乙墓,18
随州市文化公园,9
腾龙洞,298
利川清江古河床,39
鱼木寨,51
大水井古建筑群,28
龙船水乡,36
明显陵景区,68
黄仙洞,25
漳河风景区,35
绿林美人谷,21
莫愁湖,15
屏山峡谷,66
躲避峡,18
容美土司城遗址,64
大面山,25
八峰森林公园,17
麻城龟峰山风景区,100
麻城烈士陵园,14
大别山瀑布群,5
麻城杏花村,8
孔庙,3
钱冲古银杏国家森林公园,38
金卉庄园,26
双峰山国家森林公园,20
董永公园,26
白兆山李白文化旅游区,21
金殿(金顶),530
太子坡,230
紫霄宫,289
南岩宫,210
武当之巅,329
三国赤壁古战场,137
羊楼洞,19
陆水湖风景区,50
赤壁龙佑温泉度假区,28
春泉庄温泉,1
西山风景区,45
鄂州莲花山,36
梁子湖生态旅游区,21
鄂州市博物馆,23
梁子岛生态旅游区,36
洪湖蓝田生态旅游风景区,63
瞿家湾革命纪念地,26
湘鄂西革命根据地纪念馆,14
瞿家湾镇,7
长江新螺段白鳍豚保护区,4
陆羽纪念馆,33
东湖公园,2
陆羽故园,1
白龙寺,2
明显陵景区,68
黄仙洞,25
莫愁湖,15
钟祥博物馆,5
显陵,15
宣化店谈判旧址,6
钱冲古银杏国家森林公园,38
白兆山李白文化旅游区,21
神农溪,62
恩施清江风景旅游区,74
四渡河大桥,22
巴东长江大桥,20
野三关,6
曹禺公园,17
返湾湖风景区,1
章华台,2
中山舰博物馆,47
龙泉山,19
中南财经政法大学,41
白云洞军事旅游风景区,7
武汉大学东湖分校(东大门),11
清江画廊,326
长阳中武当风景区,14
宜昌清江方山风景区,4
清江方山,2
宜昌长江公路大桥,72
古潮音洞,9
宜都市奥陶纪石林景区,6
三峡湿地·杨守敬书院风景名胜区,3
三峡九凤谷生态旅游度假区,4
襄阳春秋寨景区,18
翡翠峡景区,10
香水河风景区,11
香水河七彩瀑布风景区,20
水镜庄,16
上津古城,4
郧西天河旅游区,3
十堰龙潭河,4
青龙山恐龙蛋化石群国家地质公园,5
五龙河风景区,1
绿林美人谷,21
绿林寨,22
京山天河风景区,10
茶花源风景区,5
太子山王莽洞景区,5
红安烈士陵园,6
红安天台山风景区,9
七里坪古镇,2
中国红安将军影视城,8
李先念故居,3
黄梅五祖寺,32
黄梅四祖寺,13
黄梅老祖寺,10
九宫山,85
隐水洞地质公园,78
石龙峡,11
闯王陵,1
王明璠府第;畈上王湾,1
武汉海昌极地海洋公园,198
石榴红村,17
金银湖,17
武汉三尤酒瓶博物馆,5
武汉花世界,3
武汉体育中心,61
武汉九真山风景区,16
汤湖公园,20
武汉大好河山休闲旅游区,4
九真山风景区,2
关陵庙,27
当阳玉泉寺风景区青龙洞,14
长坂坡遗址,7
百宝寨,7
玉泉寺,1
屈原故里,130
九畹溪,87
三峡竹海,35
屈原祠,15
五龙风景区,1
小雷山,18
铜绿山古铜矿遗址,13
大冶市青龙山公园,6
黄荆山风景区,5
楚天香谷芳香文化博览园,1
仙岛湖,35
仙岛湖观音洞,9
仙龙岛,7
仙岛湖野人岛,6
王平将军纪念园,1
坪坝营生态旅游区,67
黄金洞,16
四洞峡,17
唐崖河旅游区,13
小南海地震遗址,8
石门河景区,25
野三峡,19
黄鹤桥,20
湖北恩施黄鹤桥野三河,8
水上恩施野三峡,1
崇阳青山水库,2
葛仙山,2
大泉洞,1
南河小三峡,13
三潭风景区,5
印台山公园,7
柴埠溪大峡谷风景区大湾口景区,39
五峰后河原始生态旅游景区,4
柴埠溪大峡谷,1
湖北房县野人谷,25
神农架自然博物馆,14
伏龙山,1
昭君村景区,25
神农架神龙洞,17
昭君村,1
枣阳中国汉城汉宫景区,7
唐梓山风景区,7
枣阳白水寺风景名胜区,7
白竹园寺国家森林公园,6
熊河水库,7
三角山国家森林公园,8
黄冈市浠水闻一多纪念馆,3
杨梅古寨,3
卯洞,2
二乔公园,10
湖北山湖温泉度假区,10
枝江市安福寺万亩桃花园,7
百里洲镇,2
沙浪奇观,4
女娲山风景区,6
南平文庙,1
黄山头风景旅游区,2
黄山风景区,3376
宏村风景区,2860
西递,1009
黄山翡翠谷景区,697
徽州古城,455
三河古镇,269
逍遥津公园,608
李鸿章故居,490
安徽省博物馆新馆,109
合肥滨湖湿地森林公园,159
芜湖方特欢乐世界,440
马仁奇峰国家森林公园,59
天门山景区,76
芜湖市中山路步行街,192
赭山风景区,85
徽州古城,455
新安江山水画廊,281
石潭村,154
棠樾牌坊群,317
鲍家花园,154
宏村风景区,2860
西递,1009
塔川村,417
南屏村,251
宏村松鹤堂 舌尖上的盛筵,49
徽杭古道,333
查济古镇,206
桃花潭风景区,161
月亮湾风景区,91
龙川胡氏宗祠,157
徽杭古道,333
龙川胡氏宗祠,157
龙川风景区,140
蓝天凹,116
家朋乡,52
天柱山世界地质公园,348
巨石山生态文化旅游区,42
大别山彩虹瀑布,38
迎江寺,99
五千年文博园,32
龙子湖风景区,138
张公山公园,51
津浦大塘(珠园),32
汤和墓古迹园,15
沱湖湿地风景区,21
采石矶风景区,159
石塘竹海,29
雨山湖,68
李白墓,48
褒禅山风景区,12
天台景区,296
花台景区,83
安徽九华山,214
肉身宝殿,251
石台牯牛降,72
琅琊山,193
醉翁亭,141
明皇陵,33
狼巷迷谷,37
深秀湖,38
天堂寨风景区,207
万佛湖风景区,56
皖西大裂谷,54
大别山主峰(白马尖),32
大别山石窟风景区,15
查济古镇,206
桃花潭风景区,161
月亮湾风景区,91
水墨汀溪风景区,41
中国宣纸文化园景区,22
三瓜公社,112
姥山岛,33
中庙,30
紫薇洞,20
龟山湿地公园,11
寿县古城墙,63
八公山,74
寿县博物馆,34
龙湖公园,43
古城墙景区,20
天井湖公园,54
凤凰山,30
浮山国家地质公园,27
长江大桥公园,23
铜陵淡水豚国家级自然保护区,7
亳州花戏楼,87
曹操运兵道,62
亳州博物馆,20
曹操纪念馆,38
南京巷钱庄,16
相山公园,68
南湖湿地公园,20
临涣镇,19
濉溪老城石板街,13
淮北市博物馆,8
齐云山,160
木梨硔,73
月华街,89
真仙洞府,41
玉虚宫,40
天堂寨风景区,207
梅山水库风景区,32
金寨革命烈士陵园,12
瀑布群,4
马鬃岭自然保护区,8
天台景区,296
花台景区,83
安徽九华山,214
肉身宝殿,251
百岁宫,172
石台牯牛降,72
仙寓山,25
蓬莱仙洞,20
百丈崖,15
秋浦渔村,14
八里河风景区,50
颍州西湖,24
文峰公园,27
阜阳师范学院,21
奎星楼,20
青龙湾生态旅游区,21
吴越古道,33
夏霖风景区,19
胡宗宪尚书府,29
恩龙世界木屋村,19
皇藏峪国家森林公园,35
五柳风景名胜区,14
宿州博物馆,13
灵璧奇石文化园,18
宿州野生动物园,5
寿县古城墙,63
寿县博物馆,34
古城墙景区,20
寿县清真寺,9
安丰塘,9
孔城老街,24
六尺巷,55
桐城文庙,32
活海欢乐水世界,5
桐城古城区,12
大别山彩虹瀑布,38
明堂山,17
回香阁,13
天峡景区,13
一线天,22
明皇陵,33
狼巷迷谷,37
鼓楼(凤阳),15
小岗村,12
韭山洞,21
天柱山世界地质公园,348
天柱大峡谷,42
三祖禅寺,35
天柱山白马潭漂流,24
天柱晴雪,12
大别山主峰(白马尖),32
大别山主峰景区,25
佛子岭水库,31
铜锣寨,8
霍山文庙景区,2
广德太极洞,65
广德灵山大峡谷,8
桃姑迷宫,8
卢湖水库,1
李白墓,48
太白墓,2
甄山生态园丽景温泉,1
天长博物馆,3
红草湖湿地公园,7
周瑜墓,13
金孔雀温泉旅游度假,1
冶父山,6
吴武壮公祠,2
绣溪公园,1
巢湖霸王祠景区,14
鸡笼山国家森林公园,13
香泉温泉度假村,3
香泉,5
陋室公园,5
五千年文博园,32
花亭湖风景名胜区,21
花亭湖,7
西风寺,1
太湖罗河谷漂流,3
八里河风景区,50
尤家花园,3
迪沟风景区,4
白乳泉,22
南屏山森林公园,5
吴敬梓纪念馆,4
长临河古镇,17
中国人民解放军渡江战役纪念馆,11
合肥岱山湖,3
四顶山,3
临涣镇,19
淮海战役双堆集烈士陵园,6
临涣古城遗址,4
丫山花海石林风景区,37
小格里森林公园,18
大浦乡村世界,29
野人谷,7
雪枫公园,4
篱笆镇,4
庄子祠,1
米公祠,1
西九华,1
女山地质公园,7
升金湖国家级自然保护区,6
妙道山国家森林公园,1
马仁奇峰国家森林公园,59
皇藏峪国家森林公园,35
淮海战役会议旧址,7
褒禅山风景区,12
太湖山国家森林公园,1
玉龙公园,1
回民村,1
杨林,1
武昌湖国际生态旅游度假村,4
海棠花海,1
中国非物质文化遗产园,2
双凤湖旅游度假区,1
天静宫,5
陶辛水韵,18
西河古镇,11
珩琅山,2
和平生态旅游区,5
石莲洞国家森林公园,4
小孤山,2
白鹭岛国际度假村,9
白鹭岛温泉,3
沱湖湿地风景区,21
灵璧奇石文化园,18
虞姬文化园,2
固镇城西公园,3
浮山国家地质公园,27
琅琊山,193
醉翁亭,141
深秀湖,38
大柳草原,5
滁州花博园,2
孔雀东南飞文化园,10
江岭,1437
篁岭,553
李坑,1546
思溪延村,754
庆源村,565
庐山五老峰,715
庐山三叠泉,1309
锦绣谷,403
花径,560
含鄱口,661
滕王阁,1524
秋水广场,512
八一广场,706
八一南昌起义纪念馆,394
鄱阳湖,128
瑶里古镇,335
景德镇古窑民俗博览区,471
雕塑瓷厂,134
三宝国际陶艺村,125
浮梁古县衙,101
江岭,1437
篁岭,553
三清山风景名胜区,749
李坑,1546
思溪延村,754
庐山风景名胜区,903
庐山西海,43
浔阳楼,169
锁江楼景区,69
鄱阳湖候鸟保护区,34
赣州古浮桥,187
通天岩景区,87
赣州古城墙,132
灶儿巷,61
郁孤台,85
明月山,264
温汤镇,58
天沐江西明月山温泉度假区,55
明月山顺天维景国际温泉度假村,20
袁山公园,18
龙虎山景区,330
象鼻山游览区,79
泸溪河,99
天师府,94
龙虎山悬棺,76
武功山风景区,588
龙山村,32
安源影视城,13
萍乡市秋收起义广场,58
安源路矿工人运动纪念馆,25
绝望坡,282
井冈山风景名胜区,80
羊狮慕,83
江畔古村,23
九龙山,61
大觉山,43
黎川明清老街,36
流坑古村(千古第一村),23
王安石纪念馆,36
灵谷峰,21
仙女湖,90
抱石公园,43
仰天岗森林公园,20
洞都景区,10
仙女湖圣集寺,7
瑞金叶坪红色旅游景区,21
瑞金红井,32
瑞金中央革命根据地历史博物馆,20
沙洲坝,14
叶坪旧址,14
龙虎山景区,330
象鼻山游览区,79
泸溪河,99
天师府,94
龙虎山悬棺,76
西海岸景区,348
阳光海岸景区,295
南清园景区,156
玉京峰景区,113
万寿园景区,104
鄱阳湖,128
南昌大学(前湖校区),63
南昌之星游乐园,108
南昌大桥,116
怪石岭,26
中国古海,3
药都公园,6
吴城遗址,5
江西阁皂山,3
樟树筑卫城遗址,3
小武当山,45
关西新围,32
龙南武当山,18
龙南客家围屋,12
武当博物馆,7
青云嶂,2
红军长征出发地,2
天柱峰景区,6
仙姑坛景区,4
铜鼓九寨之杨家寨,1
信丰玉带桥,3
大圣寺塔,2
宝峰禅寺,10
靖安中部梦幻城,11
三爪仑观音岩,3
三爪仑国家森林公园,4
靖安县中源乡三坪避暑度假村,1
鹅湖书院,22
河口古镇,15
葛仙山,11
河口明清古街,1
河口古镇,1
花源谷,6
庐山西海观湖岛景区,1
西海水世界·巾口景区,3
庐山西海花千谷,1
神雾山风景区,2
瑶里古镇,335
浮梁古县衙,101
灵岩洞,172
浮梁古城,13
红塔,6
庐山西海,43
鄱阳湖候鸟保护区,34
云居山风景区,15
柘林湖景区,22
西海温泉,12
荷花博览园,8
荷塘乡,1
东浒寨风景区,2
庐山风景名胜区,903
东林大佛,23
天沐温泉,20
周瑜点将台爱莲池,27
庐山阳光温泉度假村,1
青山,1
安定湖公园,1
江畔古村,23
魁星塔,10
千年古樟,10
南无桥,10
江畔村,8
鄱阳湖国家湿地公园,32
竹桥村,1
东峰峡谷,2
何源村,4
高冠峰,1
金溪县象山公园,4
上堡梯田,27
齐云山,8
七星望月度假村,5
万时山景区,3
右江河,8
三百山温泉景区,8
梅岭,13
三僚风水文化旅游区,6
大觉山,43
九龙窠,4
安义古村,51
罗田村,2
西湖李家,3
西湖李家,1
洪岩仙境,5
绝望坡,282
羊狮慕,83
九龙山,61
安福武功山风景区,11
发云界景区,8
玉华山,3
新干大洋洲商代青铜博物馆,1
贾家古村,5
金顶,428
发云界,235
龙山村,32
九龙寺,12
仙凤三宝农业休闲观光园,10
宜春花博园,10
高安浮桥,1
巴夫洛生态谷,1
高安八百洞天,5
高安市博物馆,1
燕坊古村,5
九仙湖风景区,2
陡水湖风景区,34
万载竹山洞,11
毛主席诗碑园,11
九曲生态保健旅游度假村,2
龙宫洞,30
浪荡矶,1
洞都景区,10
麻姑山,13
登高阁,4
通天寨风景区,7
石城九寨温泉,5
天主堂,3
石钟山景区,51
北戴河海滨浴场,1376
老虎石海上公园,1003
秦皇岛野生动物园,459
奥林匹克大道公园,489
怪楼奇园,338
老龙头景区,958
北戴河海滨浴场,1376
老虎石海上公园,1003
山海关（天下第一关）,982
秦皇岛野生动物园,459
避暑山庄,1506
塞罕坝国家森林公园,638
丰宁京北第一草原,718
雾灵山,264
御道口草原森林风景区,228
赵州桥,400
正定隆兴寺,302
河北博物院,238
驼梁景区,123
苍岩山国家级风景名胜区,163
草原天路,806
张北草原,428
暖泉古镇,246
小五台山自然保护区,149
滦河神韵风景区,284
百里峡风景区,468
白石山国家地质公园,427
狼牙山景区,221
安新白洋淀景区,360
易水湖,118
月坨岛,274
滦州古城,280
清东陵,207
浅水湾海水浴场,173
唐山地震遗址纪念公园,90
张北草原,428
野狐岭要塞军事旅游区,212
阎片山景区,72
元中都遗址,36
元中都博物馆,16
草原天路,806
万龙滑雪场,286
太舞滑雪小镇,49
翠云山森林度假景区,25
密苑云顶滑雪场,178
广府古城,128
丛台公园,210
武灵丛台,104
京娘湖景区,97
娲皇宫景区,88
暖泉古镇,246
飞狐峪·空中草原,164
玉皇阁,124
上苏庄村堡,48
南泥河空中草原,39
河北天下第一城,101
胜芳古镇,43
东方大学城,150
自然公园,58
京东第一温泉,15
滦河神韵风景区,284
沽源天鹅湖,163
闪电湖,289
闪电湖,200
沽源坝上草原,134
黄金海岸保护区,306
翡翠岛（永久关停）,402
渔岛,46
阿那亚,19
金沙湾沙雕大世界,88
丰宁京北第一草原,718
丰宁坝上白桦林,100
孤石军马场,25
滦河源头,43
白云古洞,21
老龙头景区,958
山海关（天下第一关）,982
乐岛海洋公园,163
燕塞湖,155
角山长城,64
天河山(爱情山),70
达活泉公园,88
邢台大峡谷,47
崆山白云洞,44
邢台云梦山,31
沧州铁狮子,148
纪晓岚文化园,15
河间府署,24
清真北大寺,26
聚馆古贡枣园,10
月坨岛,274
浅水湾海水浴场,173
月坨岛,27
李大钊纪念馆,83
菩提岛,58
白石山国家地质公园,427
空中草原,75
乌龙沟段长城,10
仙人峪景区,15
河北园博园,15
正定隆兴寺,302
正定荣国府,215
广惠寺华塔,106
开元寺,55
正定古城墙,151
涿州影视城,111
三义宫,48
涿州双塔,44
张飞故里•桃园三结义原址,14
郦道元故居,6
衡水湖,169
景州塔,27
宝云塔,12
武强年画博物馆,2
景县舍利塔,6
雾灵山,264
兴隆溶洞,22
九龙潭,19
六里坪国家森林公园,17
国家天文台兴隆站,18
狼牙山景区,221
易水湖,118
清西陵,152
太行水镇,34
崇陵,11
鸡鸣驿古城,240
官厅水库,131
天漠,103
张家口鸡鸣山,34
永定河峡谷,26
驼梁景区,123
西柏坡,308
沕沕水生态风景区,92
西柏坡纪念馆,141
天桂山景区,56
定州塔,71
保定定州贡院,44
开元寺塔,18
定州文庙,31
定州南城门,23
冰山梁风景区,22
黑龙山森林公园,20
东猴顶,21
云州水库,16
四十里长嵯,7
苍岩山国家级风景名胜区,163
石家庄井陉县仙台山风景区,22
石头村,47
锦山自然生态风景区,15
秦皇古道,18
赵州桥,400
柏林禅寺,213
陀罗尼经幢,18
永通桥公园,17
胜芳古镇,43
霸州茗汤温泉度假村,23
张家大院,11
大佛禅寺,9
龙泉禅寺,9
滦州古城,280
清东陵,207
裕陵,59
景陵,35
孝陵,36
裕陵妃园寝,20
百里峡风景区,468
野三坡,277
十悬峡,47
海棠峪,18
清泉山,11
聚馆古贡枣园,10
南大港湿地,6
黄骅市博物馆,4
金山岭长城,272
金山岭长城(北京段),214
百草洼国家森林公园,7
白草洼,3
碧霞山,4
山叶口景区,22
亚滦湾农业公园,1
白羊峪长城旅游区,1
灵山风景区,1
塔寺峪,1
石家庄抱犊寨,249
石家庄动物园,132
封龙山省级风景名胜区,50
西部长青景区,15
龙泉寺,21
黄羊山,6
像光洞,2
桑干河大峡谷,1
景忠山,41
青山关,31
喜峰口,8
京娘湖景区,97
武安长寿村旅游景区,24
七步沟景区,29
古武当山景区,10
朝阳沟景区,12
安新白洋淀景区,360
嘎子村,45
休闲岛,15
烧车淀（白洋淀湿地）,8
白洋淀望月岛,3
南戴河,599
华贸蔚蓝海岸休闲海滩,2
龙潭峡风景区,4
天马山,1
碣阳湖,3
小五台山自然保护区,149
东灵山生态旅游区,11
张家口市涿鹿黄帝城,18
安家沟,9
西灵山旅游区,4
娲皇宫景区,88
一二九师司令部旧址,35
太行五指山景区,26
将军岭,18
一二九师陈列馆,24
河北天下第一城,101
吴桥杂技民俗风情园,3
开善寺,3
冉庄地道战遗址,136
地道战,51
冉庄地道战纪念馆,6
泥河湾遗址,10
开阳古堡,4
开阳村,3
哑叭庄龙山文化遗址,1
曹妃甸湿地景区,37
渤海明珠温泉(在线支付),2
辽河源国家森林公园,20
河间府署,24
丰尔庄园(兴丰农场),7
白求恩战地医院旧址,1
张计天主教堂,2
全胜峡,22
西胜沟,13
白求恩柯棣华纪念馆,6
大茂山,1
潭瀑峡（大石峪）,1
宋辽边关古地道,2
周家庄农业特色观光园,1
普彤寺塔,3
灵寿五岳寨风景区,47
漫山花溪谷,1
水泉溪,4
水泉溪自然风景区,3
秋山景区,4
嶂石岩国家级风景名胜区,51
赞皇棋盘山,3
嶂石岩,1
圆通寺,1
嶂石岩风景名胜区-冻凌背景区,1
广府古城,128
弘济桥,16
武禹襄故居,9
王硇村,17
河北北武当山,11
秦王湖,9
峡沟水库,9
王垴村,2
运河唐人街,75
麻龙湾清明上河园,9
天宫寺塔,7
聚仙谷,2
潘家峪惨案纪念馆,2
惠丰湖公园,34
河北美术学院,5
伏羲台,2
古冶北寺公园,1
多宝佛塔,1
灵秀山庄 竹林寺,3
青县盘古庙,13
南海公园,1
奇乐屿(沧州青县店),1
玉龙湾滑雪场,1
响堂山石窟,81
元宝山,28
响堂水镇,4
纸坊玉皇阁,4
黑龙洞,5
碣石山景区,37
桃林口风景区,8
药王庙,6
义慈惠石柱,2
蟠龙湖风景名胜区,21
铁佛寺,3
沧州铁狮子,148
纪晓岚文化园,15
神然生态农业观光园,2
沧州旧城,2
登瀛桥,2
献县汉墓群-献王陵,9
献县单桥石桥,2
景州塔,27
景县舍利塔,6
亚夫陵园,7
崆山白云洞,44
岐山湖,10
蝎子沟国家森林公园,4
邢台内邱县扁鹊庙风景名胜区,8
泰山行宫,5
张家口水泉公园,1
北湖公园,5
香涛公园,1
黄瓜小镇,1
张北县野狐岭要塞,34
汉牡丹园,18
邢台万庄(华夏和谐文化第一村),4
宣慰府,2
察汗淖尔草原度假村,2
石林,5
清凉山,1
清凉山风景区,9
天护陀罗尼经幢,7
龙门石窟,2770
白马寺,1606
洛阳博物馆,516
洛阳老街,750
栾川重渡沟风景区,291
少林寺,1298
嵩山,686
郑州黄河风景名胜区,381
河南博物院,632
康百万庄园,136
清明上河园,1322
开封府,721
大相国寺,577
龙亭公园,464
铁塔公园,411
太行大峡谷,158
殷墟,404
红旗渠,162
中国文字博物馆,180
袁林,75
云台山,987
猕猴谷,381
青龙峡,208
子房湖,287
叠彩洞,247
万仙山景区,254
郭亮村,380
郭亮隧道,189
宝泉风景区,39
南坪,106
鸡公山风景名胜区,144
南湾湖风景区,135
茗阳汤泉,24
信阳灵山,44
波尔登森林公园,19
天鹅湖国家城市湿地公园,102
陕州地坑院民俗文化园,22
三门峡大坝,86
函谷关历史文化旅游区,47
三门峡虢国博物馆,34
南阳武侯祠,140
西峡龙潭沟,57
宝天曼国家地质公园,43
南阳汉画馆,38
老界岭,13
少林寺,1298
嵩山,686
观星台,49
嵩岳寺塔,56
嵩阳景区,26
栾川重渡沟风景区,291
栾川老君山,173
洛阳鸡冠洞风景名胜区,123
老君山景区,33
栾川龙峪湾国家森林公园,35
许昌春秋楼,57
曹丞相府,62
灞陵桥景区,37
神垕古镇,15
许昌博物馆,17
商丘古城,127
芒砀山,34
梁孝王墓,19
应天府书院,52
张巡祠,43
尧山,156
中原大佛景区,76
舞钢二郎山,38
白龟山水库(平西湖),42
画眉谷景区,24
王屋山,80
小沟背景区,39
济源黄河三峡,40
黛眉山地质公园,14
五龙口风景区,27
嵖岈山,90
南海禅寺,25
薄山湖风景区,14
天中山广场,10
白云山风景区,8
太行大峡谷,158
红旗渠,162
太行山风景区,41
桃花谷景区,46
太行屋脊风景区,29
许慎文化园,12
南街村,23
沙澧风景游览区,18
开源森林公园,22
漯河大学,14
万仙山景区,254
郭亮村,380
郭亮隧道,189
宝泉风景区,39
南坪,106
康百万庄园,136
巩义石窟寺,66
北宋皇陵,54
杜甫故里,31
浮戏山雪花洞景区,27
太昊伏羲陵,65
龙湖景区,30
鹿邑太清宫,12
周口关帝庙,15
老子故里,9
戚城文物景区,22
中原绿色庄园,30
新蕾公园,19
濮上园,22
濮阳挥公陵舜帝宫景区,12
云梦山,35
浚县大伾山风景名胜区,31
淇河天然太极图,16
淇河国家湿地公园,15
樱花大道,11
云台山,987
猕猴谷,381
青龙峡,208
子房湖,287
叠彩洞,247
双鹤湖中央公园,16
黄帝故里,56
始祖山风景区,20
郑国车马坑景区,5
郑州园博园,3
尧山,156
中原大佛景区,76
画眉谷景区,24
玉皇顶,11
尧山滑雪乐园,10
太昊伏羲陵,65
龙湖景区,30
弦歌台,4
画卦台,2
西峡龙潭沟,57
老界岭,13
鹳河漂流风景区,14
石门湖,13
伏牛地下河景区,9
洛阳白云山,129
嵩县白云山国家森林公园,36
木札岭,26
嵩县天池山,18
陆浑水库,32
打虎亭汉墓,7
伏羲山大峡谷,5
密县县衙,4
神仙洞景区,6
密县城隍庙,3
神垕古镇,15
钧官窑址博物馆,15
大鸿寨风景区,8
古钧台,9
函谷关历史文化旅游区,47
小秦岭地质公园娘娘山风景区,12
亚武山风景名胜区,5
汉山风景区,1
荆山黄帝铸鼎原风景区,1
孤柏渡飞黄风景区,9
大海寺,3
大堡礁欢乐世界,1
三皇山桃花峪风景区,1
黄河彩虹谷,1
龙潭大峡谷,148
黛眉山景区,13
青要山自然保护区,7
荆紫仙山,8
汉函谷关,1
风穴寺,23
怪坡景区,13
羑里城景区,72
岳飞庙景区,61
河南省汤阴岳飞纪念馆,16
岳飞故里,6
许由墓,3
许由寨遗址,3
茗阳汤泉,24
金刚台,16
黄柏山国家森林公园,16
西河景区,4
金刚台（西河）生态旅游区,1
芒砀山,34
梁孝王墓,19
芒砀山文物旅游区(陈胜园),8
夫子山景区,6
汉兴园,8
郑州中国绿化博览园,80
郑州中国绿化博览园,22
方特水上主题乐园,2
郑州方特梦幻王国,1
官渡古战场,2
三皇寨,248
偃师商城博物馆,7
偃师二里头遗址,4
永宁寺塔基,7
偃师商城遗址,1
舞钢二郎山,38
灯台架景区,8
祥龙谷景区,5
焦作神农山,65
封门村,5
焦作丹河峡谷,1
比干庙景区,26
比干庙,10
跑马岭地质公园,4
东湖景区,2
七十二潭景区,9
七峰山生态旅游区,9
望花湖,3
鄂城寺,1
博望坡遗址,1
桐柏山,15
桐柏红叶园,15
洛阳黄河小浪底风景区,151
汉光武帝陵,37
龙马负图寺,15
汉魏故城遗址,18
郁金香主题花园,6
南阳白河,13
新野汉画像砖博物馆,2
汉议事台,3
三里河景区,2
白河滩湿地公园,1
白云寺,15
宝天曼国家地质公园,43
南召五朵山,32
南召宝天曼,13
南召九龙瀑,3
百尺潭,5
丹江大观苑,31
坐禅谷,21
荆紫关古镇,6
淅川香严寺,15
淅川县八仙洞景区,5
白云山风景区,8
铜山湖森林公园,4
古灵山景区,12
摘星台公园,13
朝阳悬空寺,2
岳飞纪念馆,2
云梦山风景区,1
西泰山景区,6
中国龙隐,2
浚县大伾山风景名胜区,31
大伾山风景区,13
浮丘山风景区,14
碧霞宫,7
袁世凯故居,11
袁氏旧居,2
西九华山旅游风景区,20
华阳湖生态旅游风景区,4
南阳内乡县衙博物馆,71
内乡宝天曼生态旅游区,11
七星潭,8
宝天曼博物馆,12
南阳云露山景区,5
信阳新县鄂豫皖苏区首府革命博物馆,15
许世友将军墓,22
金兰山森林公园,11
香山湖国家水利风景区,7
南海禅寺,25
天中山,4
花洲书院,26
薄山湖风景区,14
驻马店老乐山景区,4
小黄山,3
确山竹沟革命纪念馆,2
嘉应观,16
信阳灵山,44
董寨国家级自然保护区,7
何家冲红色旅游区,3
何家冲红色旅游区,1
仰韶大峡谷,13
洛阳莲花山,3
仰韶大峡谷,1
青天河景区,111
月山寺风景名胜区,5
青天河,1
中国云台山世界地质公园青天河园区,4
靳家岭,1
菩提寺游览区,2
鳌园寺,2
毛主席纪念馆,3
南街村,23
南街村观光园,9
洛阳灵山莲花温泉,12
洛阳灵山寺,5
福昌阁,2
五花寺塔,1
光武庙,1
叶县县衙,37
睢县北湖公园,11
宋襄公陵,6
圣寿寺塔,1
陈家沟景区,12
大程书院,1
顿丘农庄,4
花木兰祠,9
韩愈陵园,7
颛顼帝喾陵,8
黄河故道森林公园,5
双河生态温泉,9
呼伦贝尔大草原,1534
室韦俄罗斯民族乡,1346
满洲里套娃景区,1179
呼伦湖,1132
额尔古纳湿地,1199
阿尔山国家森林公园,784
阿尔山奥伦布坎景区,561
阿尔山火车站,326
哈拉哈河,175
玫瑰峰,181
胡杨林自然保护区,1173
怪树林,723
居延海,695
黑城遗址,586
神树,213
内蒙古博物院,540
伊斯兰风情街,248
哈素海,71
大召无量寺,60
五塔寺,141
乌兰布统大草原,725
达里诺尔湖景区,462
阿斯哈图石林园区,316
黄岗梁国家森林公园,206
贡格尔草原,166
乌兰布统大草原,725
达里诺尔湖景区,462
阿斯哈图石林园区,316
黄岗梁国家森林公园,206
贡格尔草原,166
满洲里套娃景区,1179
满洲里国门景区,1246
满洲里扎赉诺尔猛犸公园,309
满洲里婚礼宫,281
中俄商贸步行街,281
蒙古汗城,520
锡林郭勒大草原,344
多伦湖风景区(西山湾水库),89
锡林九曲,191
平顶山,145
海拉尔国家森林公园,219
成吉思汗广场,341
呼伦贝尔古城,98
达尔吉林寺,88
伊敏河,144
库布齐沙漠,288
成吉思汗陵,294
鄂尔多斯草原旅游区,89
鄂尔多斯博物馆,94
康巴什喷泉广场,75
胡杨林自然保护区,1173
巴丹吉林沙漠,359
怪树林,723
居延海,695
黑城遗址,586
希拉穆仁草原,328
赛汗塔拉生态园,156
五当召,143
美岱召,59
北方兵器城,99
室韦俄罗斯民族乡,1346
额尔古纳湿地,1199
临江屯,711
白桦林景区,849
莫尔道嘎国家森林公园,640
辉腾锡勒草原,189
黄花沟,147
乌兰哈达火山地质公园,50
乌兰察布草原,63
格根塔拉草原旅游中心,26
锡林郭勒大草原,344
锡林九曲,191
平顶山,145
贝子庙,135
锡林郭勒草原自然保护区,116
大青沟国家级自然保护区,144
塔敏查干沙漠旅游景区,77
内蒙古通辽市孝庄园文化旅游区,27
珠日河草原旅游区,41
奈曼沙漠,20
阿尔山国家森林公园,784
阿尔山奥伦布坎景区,561
阿尔山火车站,326
哈拉哈河,175
玫瑰峰,181
多伦湖风景区(西山湾水库),89
多伦湖,83
塞纳湾小镇度假区,24
姑娘湖,15
汇宗寺,28
乌梁素海景区,83
胡杨林,35
大桦背,10
温根塔拉草原旅游区,10
人根峰,16
金沙湾,37
黄河滩岛景区,21
煤炭博物馆,10
甘德尔山奇峡谷,4
乌海市植物园,5
敖鲁古雅驯鹿之乡,476
满归镇,97
根河,101
根河源国家湿地公园,25
敖鲁古雅鄂温克民族乡,37
成吉思汗庙,64
不冻河,5
内蒙古自治政府成立大会会址,5
罕山公园,1
内蒙古民族解放纪念馆,2
腾格里沙漠,183
南寺风景区,75
贺兰山原始森林,29
内蒙古阿拉善沙漠世界地质公园,32
三关口明长城,14
太仆寺旗贡宝拉格草原,46
太仆寺御马苑旅游区,29
太仆寺旗大草原,35
石条山,9
宝昌镇,8
柴河月亮小镇,85
月亮天池,36
卧牛泡子,14
山水岩壁画,22
吊桥公园,34
蒙古汗城,520
西乌珠穆沁草原,93
游牧部落,99
古若斯台国家级保护区半拉山景区,13
白桦林景区,2
响沙湾,678
恩格贝生态旅游区,48
黄河大桥,83
龙头拐,15
银肯塔拉沙漠生态文化旅游区,2
喇嘛山,16
牙克石凤凰山滑雪场,15
凤凰山庄,10
云龙山庄,6
乌尔其汗大雁河生态园,1
玉龙沙湖景区,121
西拉沐沦河,29
勃隆克沙漠旅游区,11
玉龙景区,14
玉龙沙湖,1
乌珠穆沁草原,60
乌拉盖水库,55
可汗山,29
乌拉盖九曲湾,6
乌拉盖草原,2
呼伦贝尔大草原,1534
莫尔格勒河,707
金帐汗蒙古部落,602
呼和诺尔旅游景区,133
世界反法西斯战争海拉尔纪念园,403
可汗山,2
巴丹吉林沙漠,359
曼德拉山岩画,15
海森楚鲁景区,10
额日布盖峡谷,11
诺尔图,13
奈曼沙漠,20
奈曼王府,14
孟家段水库,3
九城宫旅游景区,19
鄂尔多斯动物园,19
鄂尔多斯青铜文化广场,1
鄂尔多斯青铜文化广场,1
鄂尔多斯野生动物园,1
成吉思汗陵,294
鄂尔多斯博物馆,94
康巴什喷泉广场,75
苏泊罕大草原,28
蒙古象棋广场,28
辉腾锡勒草原,189
风力发电厂,28
辉腾希勒天然植物园,12
辉腾锡勒黄花沟草原旅游区,1
半拉山,12
民族团结广场,2
布苏里山庄,7
嘎仙洞森林公园,8
达尔滨湖国家森林公园,2
乌梁素海景区,83
胡杨林,35
大桦背,10
芦苇荡,9
蒲草,4
哈达门高原牧场,24
黑大门国家森林公园,7
哈达门国家森林公园,1
格根塔拉草原旅游中心,26
格根塔拉草原,20
四子王旗王爷府,12
达赉湖自然保护区,79
甘珠尔庙,83
诺门罕战役遗址陈列馆,33
七仙湖,17
海拉尔河,9
乌兰哈达火山地质公园,50
乌兰哈达火山地质公园-北炼丹炉,3
科尔沁草原,40
代钦塔拉五角枫旅游景区,16
翰嘎利湖生态旅游区,4
代钦塔拉,2
五角枫风景区,1
南海湿地保护区,63
妙法禅寺,19
南海滑雪场,10
包头清真大寺,8
转龙藏,5
巴林,14
草原湖,6
辽庆州白塔,1
老牛湾,46
乌兰布统敖包吐,13
乌拉盖布林圣泉,25
召庙北五台,17
灯笼河草原,8
金界壕遗址,3
辽太祖陵,1
白音乌拉草原,2
呼伦湖,1132
贝尔湖(中国界),80
成吉思汗拴马桩,33
金海岸旅游景区,9
乌兰诺尔湿地,2
美林谷风景区,25
喀喇沁亲王府,42
马鞍山国家森林公园,2
康宁寺,5
凉城岱海,50
额尔敦敖包,36
布林庙,3
乌兰五台,102
牧人寨旅游度假区,1
呼和浩特敖包山,26
贺家大院,8
三十二长城,1
玫瑰营镇天主教堂,1
油松王,3
油松王旅游区,1
温根塔拉草原旅游区,10
七星湖沙漠生态旅游区,102
鄂尔多斯草原旅游区,89
神光响沙旅游区,66
夜鸣沙景区,39
伊和温泉度假村,3
神泉生态旅游风景区,17
黄羊滩,1
葛根庙,19
白音哈达草原,8
葛根庙,2
察尔森湖度假区,3
白音哈达,2
美岱召,59
九峰山自然保护区,9
鄂尔多斯美岱召,3
敕勒川博物馆,5
人根峰,16
鸡鹿塞,8
三封古城遗址,2
阴山岩画,9
纳林湖景区,2
内蒙古酒文化博物馆,3
圣·索菲亚大教堂,5624
中央大街步行街,4985
亚布力森林小火车,19
亚布力阳光度假村,45
松花江,2874
大连滨海路,1892
金石滩国家旅游度假区,894
圣亚海洋世界,1117
俄罗斯风情街,1098
渔人码头,756
沈阳故宫博物院,2059
北陵公园,957
张氏帅府博物馆,1072
九一八历史博物馆,717
沈阳世博园,684
北极村,779
北红村,642
黑龙江第一湾,474
白桦林,334
九曲十八弯,381
伪满皇宫博物院,989
净月潭国家森林公园,666
长影世纪城,582
南湖公园,571
长春电影制片厂(长影旧址博物馆),224
凤凰山,561
大鹿岛,170
虎山长城,290
青山沟,215
绿江村,308
雾凇岛,709
北山公园,337
红叶谷,143
龙潭山公园,147
松花湖,195
本溪水洞景区,574
关门山景区,332
老边沟,189
五女山,112
绿石谷,56
盘锦红海滩景区,663
盘锦湖滨公园,46
鼎翔生态旅游区,19
大辽河,37
辽河碑林,17
延边大学,271
帽儿山国家森林公园,183
延吉大桥,102
延边博物馆,58
青年湖人民公园,47
镜泊湖风景区,471
羊草山,583
雪韵大街,441
雪乡国家森林公园,281
地下森林,123
五营国家森林公园,207
汤旺河林海奇石风景区,133
茅兰沟国家森林公园,140
汤旺河国家公园,74
兴安森林公园,85
东戴河,405
兴城古城,718
海滨风景区,332
龙回头,181
龙湾海滨,71
北极村,779
北红村,642
黑龙江第一湾,474
白桦林,334
九曲十八弯,381
笔架山,555
辽沈战役纪念馆,227
锦州北普陀山,68
锦州世博园,233
奉国寺,52
兴城古城,718
海滨风景区,332
龙回头,181
兴海栈道,47
兴城首山,66
沈阳皇家海洋乐园,209
雷锋纪念馆,135
热高乐园,89
赫图阿拉城址,88
猴石国家森林公园,46
千山风景名胜区,530
鞍山玉佛苑,196
二一九公园,155
海城大悲寺,27
千山龙泉寺,50
扎龙自然保护区,462
龙沙公园,162
明月岛,77
和平广场,72
齐齐哈尔博物馆,17
五大连池风景区,299
五大连池世界地质公园博物馆,46
黑河火烧山,50
二龙泉,63
北泉,37
山海广场,277
月亮湖公园,152
白沙湾黄金海岸,138
金泰珑悦海景大酒店,16
营口熊岳望儿山,65
长白山天池,4582
长白山北坡,953
雪乡,1153
长白山风景区,531
长白瀑布,1025
大庆博物馆,78
王进喜纪念馆,136
龙凤湿地,82
铁人纪念馆,116
连环湖温泉(大庆连环湖温泉景区),25
旅顺口名胜风景区,502
旅顺日俄监狱旧址博物馆,411
旅顺博物馆,151
大连白玉山景区,221
黄渤海分界线旅游风景区,70
山海广场,277
月亮湖公园,152
金泰珑悦海景大酒店,16
营口熊岳望儿山,65
营口熊岳天沐温泉,91
羊草山,583
雪韵大街,441
雪乡国家森林公园,281
雪乡影视城,122
大秃顶子山,82
东戴河,405
绥中电厂海滨,105
万佛禅寺,15
前所古城,15
洪家村,6
五大连池风景区,299
五大连池世界地质公园博物馆,46
逊克大平台雾凇风景区,24
瑷珲历史陈列馆,39
黑河火烧山,50
中国雪谷,960
梦幻家园,502
大秃顶子山,282
五常凤凰山国家森林公园,75
五常龙凤山,5
长白山天池,4582
长白山北坡,953
长白山风景区,531
长白瀑布,1025
魔界风景区,279
白塔公园,143
广佑寺,95
龙顶山,39
曹雪芹纪念馆,45
辽阳博物馆,21
黑瞎子岛,147
乌苏镇,78
东极宝塔,68
黑瞎子岛湿地公园,49
乌苏镇东方第一哨,67
黑瞎子岛,147
乌苏镇,78
东极宝塔,68
黑瞎子岛湿地公园,49
乌苏镇东方第一哨,67
西坡天池,728
望天鹅风景区,351
长白山西坡,231
绿渊潭,649
长白山大峡谷,578
五女峰国家森林公园,58
三角龙湾国家森林公园,78
通化玉皇山公园,42
高句丽王城(洞沟古墓群),23
吊水壶瀑布,20
莲花湖湿地,62
象牙山风景区,42
龙首山,65
中国铁煤蒸汽机车博物馆,13
银冈书院,17
绥芬河国门,97
人头楼,18
大光明寺,11
绥芬河博物馆,12
绥芬河中心广场,10
图们江,114
日光风景区,23
图们江国家森林公园,25
百年部落,15
日光山华严寺,22
虎山长城,290
青山沟,215
绿江村,308
天桥沟森林公园,76
河口断桥,81
阜新海棠山国家森林公园,40
海州露天矿,61
瑞应寺,20
阜新人民公园,24
阜新万人坑,14
五女峰国家森林公园,58
高句丽王城(洞沟古墓群),23
将军坟,16
集安博物馆,18
高句丽遗址公园,20
莫莫格国家级自然保护区,22
向海,33
洮儿河,7
大安嫩江湾国家湿地公园,2
向海蒙古族乡,2
雪乡,1153
敦化六鼎山文化旅游区,41
雁鸣湖湿地,12
正觉寺,4
渤海广场,6
兴凯湖,120
侵华日军虎头要塞遗址博物馆,43
当壁镇兴凯湖旅游度假区,27
乌苏里江,15
兴凯湖新开流景区,14
广鹿岛,64
哈仙岛,89
大长山岛,37
瓜皮岛,22
海洋岛,16
西坡天池,728
长白山西坡,231
绿渊潭,649
长白山大峡谷,578
万达长白山国际度假区滑雪场,288
朝阳市凤凰山风景名胜区,47
古生物化石博物馆,31
朝阳市北塔博物馆,26
清风岭,7
朝阳鸟化石国家地质公园,2
凤凰山,561
蒲石河森林公园,69
大梨树生态旅游区,52
大梨树影视城,11
大梨树生态农业旅游观光区,10
松岭,17
江心公园,18
七道沟瀑布,6
花山国家森林公园,8
四保临江纪念馆,8
查干湖,111
中国乾安泥林(暂时关闭),12
妙音寺,16
渔猎文化博物馆,11
郭尔罗斯王府,9
望天鹅风景区,351
鸭绿江大峡谷,78
塔山公园,15
惠山,16
虎跳峡瀑布,3
天水湖公园,16
太平沟乡,10
名山岛,10
松鹤西湖公园,13
兴龙峡谷,7
亚布力森林小火车,19
亚布力阳光度假村,45
亚布力森林温泉,19
蚂蚁河,14
亚布力观光缆车及世界第一滑道,84
五女山,112
枫林谷,47
桓龙湖,73
大雅河漂流风景区,55
望天洞,27
龙山公园,24
福寿宫,13
魁星楼,12
人民广场,10
鴜鹭湖关东体验馆,1
叶赫那拉城,17
人民英雄纪念碑,56
吉林师范大学,19
伊通满族博物馆,1
偏脸城遗址,4
星海湾大桥,224
西中岛,55
香洲旅游度假区,9
裴村油菜花,5
大连仙浴湾旅游度假区,6
冰峪沟,309
大连冰峪国家地质公园,16
天门山国家森林公园,9
步云山温泉,10
大连银石滩国家森林公园,7
金石滩国家旅游度假区,894
金石滩沙滩浴场,146
大黑山风景区,126
童牛岭,104
大连金石滩生命奥秘博物馆,45
红叶谷,143
拉法山国家森林公园,43
鹿角沟,15
庆岭风景区,15
老爷岭,6
三江口景区,38
同江三江口旅游区,34
同江街津口赫哲族旅游度假区,23
赫哲民族文化村,21
同三公路起点,22
白沙湾黄金海岸,138
思拉堡虹溪谷温泉,62
仙人岛海滨,26
青龙山,24
营口北海海洋公园,2
侵华日军虎头要塞遗址博物馆,43
乌苏里江,15
虎头关帝庙,6
珍宝岛,2
珍宝岛湿地公园,1
大鹿岛,170
獐岛,52
大孤山国家森林公园,25
鸭绿江口湿地观鸟园,25
古韵街,2
逊克大平台雾凇风景区,24
大平台乡,17
库尔滨水电站,6
逊克农场石景山庄旅游度假区,2
珍宝岛,36
红旗岭千鸟湖景区,11
益寿山公园,16
安邦河国家湿地公园,4
挹娄文化风情园,1
三角龙湾国家森林公园,78
吊水壶瀑布,20
辉南龙湾,12
通化吊水壶景区,34
龙湾群国家森林公园,11
茅兰沟国家森林公园,140
神州恐龙国家地质公园,72
嘉荫新发岛江上公园乐园,7
月亮湾,8
茅兰沟国家森林公园,1
赫图阿拉城址,88
猴石国家森林公园,46
清永陵,45
和睦国家森林公园,21
夹扁石,12
大兴安岭林场,23
兴安驯鹿园,38
十八站古人类遗址,3
兴凯湖,120
当壁镇兴凯湖旅游度假区,27
兴凯湖新开流景区,14
王震将军率师开发北大荒纪念碑,12
白棱河桥,13
盘锦红海滩景区,663
大辽河,37
辽河绿水湾景区,15
辽东湾金帛滩旅游区,4
三角洲红海滩,8
龙潭湾,2
人民公园,3
连环湖温泉(大庆连环湖温泉景区),25
连环湖,12
阿木塔半岛旅游度假村,6
大庆珰奈湿地,8
寿山度假村,3
大石桥市蟠龙山公园,15
金牛山遗址,3
中国铁煤蒸汽机车博物馆,13
明月禅寺,8
珍宝岛,36
红旗岭千鸟湖景区,11
四排赫哲风景区,1
饶河大顶子山森林公园,1
鸡冠山国家森林公园,4
桃山公园,17
仙洞山风景区,6
挹娄文化风情园,1
老里克湖,22
金达莱朝鲜族民俗村,19
镜泊湖风景区,471
镜泊湖世界地质公园,9
宁安市火山口国家森林公园,6
兴隆寺,5
黑龙江省渤海上京遗址博物馆,3
东宁要塞遗址,14
绥芬河中俄界河景区,8
汤旺河林海奇石风景区,133
汤旺河国家公园,74
花岗岩石林国家地质公园,18
新青湿地公园,18
燕州城遗址,12
李兆麟古居纪念馆,3
香炉山,50
长寿国家森林公园,11
二龙山珍珠岛影视城,5
松峰山自然保护区,1
长寿山国家森林公园,3
奉国寺,52
万佛堂石窟,21
八塔子寺,4
中德化石地质公园,5
广胜寺,8
太平沟乡,10
名山岛,10
兴龙峡谷,7
黑龙江流域博物馆,4
尚志公园,4
五国头城遗址,7
依兰怪坡,1
红军街,37
中国乾安泥林(暂时关闭),12
林甸北国温泉,37
林甸北国温泉,16
鹤鸣湖温泉(鹤鸣湖温泉度假区),3
鹤鸣湖湿地旅游区,1
偏脸城遗址,4
红石国家森林公园,4
白山发电厂工业旅游景区,1
富锦国家湿地公园,6
杨靖宇将军殉国地,16
白山湖风景区,5
夹皮沟林场,6
靖宇县白山湖仁义风景区,5
靖宇火山矿泉群,3
大清沟,1
锦州世博园,233
锦州九华山温泉水城,11
大凌河,12
东方华地城湿地温泉,1
辽塔,23
朝阳市北塔博物馆,26
北票市大黑山温泉度假村,7
农安古塔,23
人民公园,1
农安古塔,1
波罗湖旅游区,6
红星火山地质公园,20
兴安石海,7
人民英雄纪念碑,3
辽宁碧湖温泉,18
弓长岭温泉滑雪场,19
汤河假日水上乐园,20
辽阳冷热地公园,11
汤河风景区,10
北大壶滑雪场,67
吊水壶风景旅游区,9
秃顶子山,10
吉华长寿山滑雪场,12
二克山,1
大安嫩江湾国家湿地公园,2
鞍山奥体中心,13
鞍山台安少帅陵旅游风景区,3
庙香山滑雪场,13
石头口门水库,8
红岸公园,11
大亮子河国家森林公园,12
丽水温泉,4
黑龙江凤凰山国家级自然保护区,2
吊水壶国家森林公园,21
双阳湖,18
长春建筑学院,6
缘山湖农业园,1
沿江公园,1
东林寺,7
莫莫格国家级自然保护区,22
八五三农场燕窝岛旅游度假区,1
珍宝岛革命烈士陵园,2
宝清县文昌阁,1
安邦河国家湿地公园,4
胜山要塞国家森林公园,3
胜山要塞国家森林公园,1
萨尔浒风景名胜区,20
三块石国家森林公园,48
元帅林国家森林公园,17
中华寺风景区,6
关山湖风景区,2
五营国家森林公园,207
丰林世界生态圈保护区,3
伊春森林浴度假山庄,3
通天山葡萄酒文化产业园,1
老虎哨,3
通明山,1
龙峰山,5
核伙沟,1
清风寺,3
首山公园,4
金山鹿苑,16
九峰山养心谷景区,1
峰岩山寨旅游度假区,3
金山公园,2
新青国家湿地公园,12
溪水国家森林公园,31
穆棱花海,1
南照山公园,3
金霖森林公园滑雪场,1
鴜鹭湖关东体验馆,1
鴜鹭湖梯田花海,1
故宫,11987
颐和园,7415
八达岭长城,7811
天坛,4797
景山公园,3677
天津之眼,3719
五大道,2614
意大利风情街,3081
古文化街,2750
海河,2137
洪崖洞,5855
磁器口古镇,6157
解放碑,4909
万州大瀑布群景区,1322
朝天门,2776
外滩,11965
上海迪士尼乐园,1358
田子坊,4732
老城隍庙旅游区,6418
南京路步行街,6585
